rank,stage_reached,status,written_phrase,intended_pronunciation,approx_phonemes,syllables,stress,category,form,base,identity_flag,pronunciation_ambiguity,pronunciation_ambiguity_note,senior_speakability,memorability,dignity_naturalness,dignity_notes,brand_suitability,common_speech_collision_risk,similar_name_collision_risk,similar_names,tv_background_speech_risk,predicted_acoustic_distinctiveness,predicted_catch_rate_prior,nearest_collisions,trademark_review_flag,gates_failed,mechanical_score,total_preliminary_score,pass_fail,rejection_reason
1,review list (top 100),FOR MICHAEL'S REVIEW,okay verona,okay verona,OW2 K EY1 V ER0 OW1 N AH0,5,2-1-0-1-0,word_name,prefix-required,verona,NEW ASSISTANT IDENTITY - would replace or sit beside ARIA; Michael's decision,0,written form reads as intended,9,9,7,,6,0.0,0,,0.0,5.4,0.54,pay her own (0.25),preliminary trademark / naming review required,,8.88,8.56,pass,
2,review list (top 100),FOR MICHAEL'S REVIEW,okay oriole,okay oriole,OW2 K EY1 AO1 R IY0 OW2 L,5,2-1-1-0-2,word_name,prefix-required,oriole,NEW ASSISTANT IDENTITY - would replace or sit beside ARIA; Michael's decision,0,written form reads as intended,9,8,7,,6,0.0,0,,0.0,5.4,0.54,,preliminary trademark / naming review required,,8.88,8.46,pass,
3,review list (top 100),FOR MICHAEL'S REVIEW,okay verity,okay verity,OW2 K EY1 V EH1 R AH0 T IY0,5,2-1-1-0-0,word_name,prefix-required,verity,NEW ASSISTANT IDENTITY - would replace or sit beside ARIA; Michael's decision,2,written form reads as intended; 2 dictionary pronunciations,9,9,7,,6,0.5,0,,0.0,5.5,0.553,ok there (0.225); temerity (0.2275); severity (0.2313); psychotherapy (0.2356),preliminary trademark / naming review required,,8.8,8.375,pass,
5,review list (top 100),FOR MICHAEL'S REVIEW,okay evergreen,okay evergreen,OW2 K EY1 EH1 V ER0 G R IY2 N,5,2-1-1-0-2,word_name,prefix-required,evergreen,NEW ASSISTANT IDENTITY - would replace or sit beside ARIA; Michael's decision,0,written form reads as intended,8,9,7,,6,0.6,0,,0.0,5.7,0.571,evergreen (0.2222); an evergreen (0.2222); are evergreen (0.2222); prefer green (0.2333),preliminary trademark / naming review required,,8.62,8.335,pass,
6,review list (top 100),FOR MICHAEL'S REVIEW,hello home helper,hello home helper,HH AH0 L OW1 HH OW1 M HH EH1 L P ER0,5,0-1-1-1-0,role,prefix-required,home helper,no new identity (functional),0,written form reads as intended,9,7,7,,3,0.0,0,,0.0,6.1,0.614,,preliminary trademark / naming review required,,9.02,8.315,pass,
7,review list (top 100),FOR MICHAEL'S REVIEW,hello room helper,hello room helper,HH AH0 L OW1 R UW1 M HH EH1 L P ER0,5,0-1-1-1-0,role,prefix-required,room helper,no new identity (functional),0,written form reads as intended,9,7,7,,3,0.0,0,,0.0,6.1,0.614,,preliminary trademark / naming review required,,9.02,8.315,pass,
8,review list (top 100),FOR MICHAEL'S REVIEW,okay lumina,okay lumina,OW2 K EY1 L UW1 M IH0 N AH0,5,2-1-1-0-0,word_name,prefix-required,lumina,NEW ASSISTANT IDENTITY - would replace or sit beside ARIA; Michael's decision,0,written form reads as intended,9,8,7,,6,0.6,0,,0.6,5.5,0.552,no criminal (0.2222); hotel manager (0.2333); the hotel manager (0.2333); came in a (0.25),preliminary trademark / naming review required,,8.66,8.295,pass,
9,review list (top 100),FOR MICHAEL'S REVIEW,okay azalea,okay azalea,OW2 K EY1 AH0 Z EY1 L Y AH0,5,2-1-0-1-0,word_name,prefix-required,azalea,NEW ASSISTANT IDENTITY - would replace or sit beside ARIA; Michael's decision,0,written form reads as intended,7,9,7,,6,0.0,0,,0.0,5.6,0.559,azalea (0.25),preliminary trademark / naming review required,,8.52,8.29,pass,
10,review list (top 100),FOR MICHAEL'S REVIEW,hello good helper,hello good helper,HH AH0 L OW1 G UH1 D HH EH1 L P ER0,5,0-1-1-1-0,role,prefix-required,good helper,no new identity (functional),0,written form reads as intended,9,7,7,,3,0.2,0,,0.0,6.1,0.611,who could help (0.2364); else could help (0.25),preliminary trademark / naming review required,,8.98,8.275,pass,
11,review list (top 100),FOR MICHAEL'S REVIEW,okay magnolia,okay magnolia,OW2 K EY1 M AE0 G N OW1 L Y AH0,5,2-1-0-1-0,word_name,prefix-required,magnolia,NEW ASSISTANT IDENTITY - would replace or sit beside ARIA; Michael's decision,0,written form reads as intended,8,9,7,,6,1.0,0,,0.0,5.8,0.584,magnolia (0.2),preliminary trademark / naming review required,,8.56,8.27,pass,
12,review list (top 100),FOR MICHAEL'S REVIEW,okay sequoia,okay sequoia,OW2 K EY1 S IH0 K W OY1 AH0,5,2-1-0-1-0,word_name,prefix-required,sequoia,NEW ASSISTANT IDENTITY - would replace or sit beside ARIA; Michael's decision,0,written form reads as intended,7,9,7,,6,0.1,0,,0.0,5.6,0.558,soaks up water (0.2444); sequoia (0.25),preliminary trademark / naming review required,,8.5,8.27,pass,
13,review list (top 100),FOR MICHAEL'S REVIEW,okay melody,okay melody,OW2 K EY1 M EH1 L AH0 D IY0,5,2-1-1-0-0,word_name,prefix-required,melody,NEW ASSISTANT IDENTITY - would replace or sit beside ARIA; Michael's decision,0,written form reads as intended,9,9,7,,6,0.9,0,,1.3,5.5,0.549,the melody (0.2062); a melody (0.2062); catchy melody (0.2211); became eligible (0.2244),preliminary trademark / naming review required,,8.46,8.265,pass,
14,review list (top 100),FOR MICHAEL'S REVIEW,okay daylight,okay daylight,OW2 K EY1 D EY1 L AY2 T,4,2-1-1-2,word_name,prefix-required,daylight,NEW ASSISTANT IDENTITY - would replace or sit beside ARIA; Michael's decision,0,written form reads as intended,9,9,7,,6,1.2,0,,0.3,5.2,0.524,today like (0.1929); today right (0.2); paid a lot (0.2071); the daylight (0.2357),preliminary trademark / naming review required,,8.54,8.26,pass,
15,review list (top 100),FOR MICHAEL'S REVIEW,okay juniper,okay juniper,OW2 K EY1 JH UW1 N AH0 P ER0,5,2-1-1-0-0,word_name,prefix-required,juniper,NEW ASSISTANT IDENTITY - would replace or sit beside ARIA; Michael's decision,0,written form reads as intended,8,9,7,,6,0.9,0,,0.0,5.5,0.549,the juniper (0.2062); juniper (0.25),preliminary trademark / naming review required,,8.52,8.245,pass,
16,review list (top 100),FOR MICHAEL'S REVIEW,okay tahoe,okay tahoe,OW2 K EY1 T AE1 HH OW0,4,2-1-1-0,word_name,prefix-required,tahoe,NEW ASSISTANT IDENTITY - would replace or sit beside ARIA; Michael's decision,0,written form reads as intended,9,9,7,,6,1.3,0,,0.0,5.0,0.504,located a (0.1857); located about (0.1857); located along (0.1857); located along the (0.1857),preliminary trademark / naming review required,,8.54,8.24,pass,
18,review list (top 100),FOR MICHAEL'S REVIEW,okay meadow,okay meadow,OW2 K EY1 M EH1 D OW2,4,2-1-1-2,word_name,prefix-required,meadow,NEW ASSISTANT IDENTITY - would replace or sit beside ARIA; Michael's decision,0,written form reads as intended,9,9,7,,6,0.8,0,,1.4,5.1,0.509,ok when (0.2083); okay when (0.2083); pokemon on (0.2143); a cocaine addict (0.2214),preliminary trademark / naming review required,,8.38,8.215,pass,
23,review list (top 100),FOR MICHAEL'S REVIEW,okay primrose,okay primrose,OW2 K EY1 P R IH1 M R OW2 Z,4,2-1-1-2,word_name,prefix-required,primrose,NEW ASSISTANT IDENTITY - would replace or sit beside ARIA; Michael's decision,0,written form reads as intended,7,9,7,,6,0.6,0,,0.0,5.7,0.568,primrose (0.2222),preliminary trademark / naming review required,,8.42,8.185,pass,
26,review list (top 100),FOR MICHAEL'S REVIEW,okay gardenia,okay gardenia,OW2 K EY1 G AA0 R D IY1 N Y AH0,5,2-1-0-1-0,word_name,prefix-required,gardenia,NEW ASSISTANT IDENTITY - would replace or sit beside ARIA; Michael's decision,0,written form reads as intended,8,8,7,,6,1.0,0,,0.0,5.8,0.584,gardenia (0.2); located in the (0.235),preliminary trademark / naming review required,,8.56,8.17,pass,
27,review list (top 100),FOR MICHAEL'S REVIEW,hello house helper,hello house helper,HH AH0 L OW1 HH AW1 S HH EH1 L P ER0,5,0-1-1-1-0,role,prefix-required,house helper,no new identity (functional),0,written form reads as intended,8,7,7,,3,0.0,0,,0.0,6.1,0.614,,preliminary trademark / naming review required,,8.82,8.165,pass,
28,review list (top 100),FOR MICHAEL'S REVIEW,okay home helper,okay home helper,OW2 K EY1 HH OW1 M HH EH1 L P ER0,5,2-1-1-1-0,role,prefix-required,home helper,no new identity (functional),0,written form reads as intended,8,7,7,,3,0.0,0,,0.0,6.0,0.596,,preliminary trademark / naming review required,,8.8,8.15,pass,
29,review list (top 100),FOR MICHAEL'S REVIEW,okay room helper,okay room helper,OW2 K EY1 R UW1 M HH EH1 L P ER0,5,2-1-1-1-0,role,prefix-required,room helper,no new identity (functional),0,written form reads as intended,8,7,7,,3,0.0,0,,0.0,6.0,0.596,,preliminary trademark / naming review required,,8.8,8.15,pass,
30,review list (top 100),FOR MICHAEL'S REVIEW,hello my helper,hello my helper,HH AH0 L OW1 M AY1 HH EH1 L P ER0,5,0-1-1-1-0,role,prefix-required,my helper,no new identity (functional),0,written form reads as intended,9,7,7,,3,0.7,0,,0.0,5.9,0.587,for my help (0.215); help myself (0.247); held myself (0.247),preliminary trademark / naming review required,,8.84,8.145,pass,
33,review list (top 100),FOR MICHAEL'S REVIEW,okay prudence,okay prudence,OW2 K EY1 P R UW1 D AH0 N S,4,2-1-1-0,word_name,prefix-required,prudence,NEW ASSISTANT IDENTITY - would replace or sit beside ARIA; Michael's decision,0,written form reads as intended,7,9,7,,6,0.7,0,,0.4,5.7,0.566,be prudent (0.2167); prudence (0.2222); of prudence (0.2222); to be prudent (0.25),preliminary trademark / naming review required,,8.32,8.125,pass,
34,review list (top 100),FOR MICHAEL'S REVIEW,okay good helper,okay good helper,OW2 K EY1 G UH1 D HH EH1 L P ER0,5,2-1-1-1-0,role,prefix-required,good helper,no new identity (functional),0,written form reads as intended,8,7,7,,3,0.1,0,,0.0,5.9,0.594,they could help (0.245),preliminary trademark / naming review required,,8.76,8.115,pass,
35,review list (top 100),FOR MICHAEL'S REVIEW,hey arnulfo,hey arnulfo,HH EY1 AA0 R N AH1 L F OW0,4,1-0-1-0,given_name,prefix-required,arnulfo,NEW ASSISTANT IDENTITY - would replace or sit beside ARIA; Michael's decision,0,written form reads as intended,9,9,8,,7,1.6,3,"arnulfo 0.007%, arnulfo",0.0,5.5,0.549,arnulfo (0.2222); are also (0.2343); are not so (0.2343); are all so (0.2343),preliminary trademark / naming review required; personal name,G4_domain_names_commands,7.98,8.105,pass,
36,review list (top 100),FOR MICHAEL'S REVIEW,okay indigo,okay indigo,OW2 K EY1 IH1 N D AH0 G OW2,5,2-1-1-0-2,word_name,prefix-required,indigo,NEW ASSISTANT IDENTITY - would replace or sit beside ARIA; Michael's decision,2,written form reads as intended; 2 dictionary pronunciations,8,9,7,,6,0.9,0,,0.4,5.5,0.549,the indigo (0.2062); indigo (0.25); a second ago (0.25),preliminary trademark / naming review required,,8.44,8.105,pass,
38,review list (top 100),FOR MICHAEL'S REVIEW,okay cascade,okay cascade,OW2 K EY1 K AE0 S K EY1 D,4,2-1-0-1,word_name,prefix-required,cascade,NEW ASSISTANT IDENTITY - would replace or sit beside ARIA; Michael's decision,0,written form reads as intended,7,9,7,,6,0.9,0,,0.0,5.5,0.545,the cascade (0.2062); cascade (0.25),preliminary trademark / naming review required,,8.32,8.095,pass,
39,review list (top 100),FOR MICHAEL'S REVIEW,okay starling,okay starling,OW2 K EY1 S T AA1 R L IH0 NG,4,2-1-1-0,word_name,prefix-required,starling,NEW ASSISTANT IDENTITY - would replace or sit beside ARIA; Michael's decision,0,written form reads as intended,7,9,7,,6,1.0,0,,0.0,5.6,0.562,day starting (0.2); scottish parliament (0.217); starling (0.2222); focused on learning (0.23),preliminary trademark / naming review required,,8.32,8.09,pass,
40,review list (top 100),FOR MICHAEL'S REVIEW,okay lantern,okay lantern,OW2 K EY1 L AE1 N T ER0 N,4,2-1-1-0,word_name,prefix-required,lantern,NEW ASSISTANT IDENTITY - would replace or sit beside ARIA; Michael's decision,0,written form reads as intended,8,9,7,,6,1.0,0,,1.4,5.4,0.544,clanton (0.2); tokyo international (0.2056); tokyo international airport (0.2056); the lantern (0.2062),preliminary trademark / naming review required,,8.2,8.07,pass,
41,review list (top 100),FOR MICHAEL'S REVIEW,hey room helper,hey room helper,HH EY1 R UW1 M HH EH1 L P ER0,4,1-1-1-0,role,prefix-required,room helper,no new identity (functional),0,written form reads as intended,9,7,7,,3,0.9,0,,0.0,5.6,0.564,room heater (0.2062); rima helped (0.2333); here and help (0.245); he would help (0.25),preliminary trademark / naming review required,,8.74,8.06,pass,
42,review list (top 100),FOR MICHAEL'S REVIEW,hey thomasina,hey thomasina,HH EY1 TH OW0 M AA0 S IY1 N AH0,5,1-0-0-1-0,given_name,prefix-required,thomasina,NEW ASSISTANT IDENTITY - would replace or sit beside ARIA; Michael's decision,2,written form reads as intended; 2 dictionary pronunciations,9,9,8,,7,1.4,3,"thomasina 0.003%, thomasina",0.0,5.6,0.56,thomasine (0.1778); thomasina (0.2); thomasena (0.2022); his machine (0.224),preliminary trademark / naming review required; personal name,G4_domain_names_commands,8.04,8.06,pass,
43,review list (top 100),FOR MICHAEL'S REVIEW,okay florence,okay florence,OW2 K EY1 F L AO1 R AH0 N S,4,2-1-1-0,word_name,prefix-required,florence,NEW ASSISTANT IDENTITY - would replace or sit beside ARIA; Michael's decision,0,written form reads as intended,7,9,7,,6,1.2,0,,0.0,5.6,0.56,h lawrence (0.1889); florence (0.2222); in florence (0.2222); of florence (0.2222),preliminary trademark / naming review required,,8.28,8.05,pass,
44,review list (top 100),FOR MICHAEL'S REVIEW,okay lavender,okay lavender,OW2 K EY1 L AE1 V AH0 N D ER0,5,2-1-1-0-0,word_name,prefix-required,lavender,NEW ASSISTANT IDENTITY - would replace or sit beside ARIA; Michael's decision,0,written form reads as intended,8,9,7,,6,1.3,0,,1.3,5.6,0.562,a lavender (0.1833); to live under (0.2056); key was under (0.2156); lavender (0.2222),preliminary trademark / naming review required,,8.2,8.05,pass,
45,review list (top 100),FOR MICHAEL'S REVIEW,okay jade,okay jade,OW2 K EY1 JH EY1 D,3,2-1-1,word_name,prefix-required,jade,NEW ASSISTANT IDENTITY - would replace or sit beside ARIA; Michael's decision,0,written form reads as intended,8,9,7,,6,1.0,0,,0.9,4.9,0.486,caged (0.2); cage at (0.2); cages (0.21); cage is (0.21),preliminary trademark / naming review required,,8.2,8.045,pass,
46,review list (top 100),FOR MICHAEL'S REVIEW,okay sparrow,okay sparrow,OW2 K EY1 S P EH1 R OW0,4,2-1-1-0,word_name,prefix-required,sparrow,NEW ASSISTANT IDENTITY - would replace or sit beside ARIA; Michael's decision,0,written form reads as intended,7,9,7,,6,1.0,0,,0.0,5.3,0.526,hate asparagus (0.2); castello (0.2); know his parents (0.2025); though his parents (0.2025),preliminary trademark / naming review required,,8.26,8.045,pass,
48,review list (top 100),FOR MICHAEL'S REVIEW,okay hazel,okay hazel,OW2 K EY1 HH EY1 Z AH0 L,4,2-1-1-0,word_name,prefix-required,hazel,NEW ASSISTANT IDENTITY - would replace or sit beside ARIA; Michael's decision,0,written form reads as intended,8,9,7,,6,0.8,0,,2.0,5.3,0.529,vocational (0.2125); broke his leg (0.2438); broke his left (0.2438); obey his (0.25),preliminary trademark / naming review required,,8.1,8.035,pass,
49,review list (top 100),FOR MICHAEL'S REVIEW,hello nurse call,hello nurse call,HH AH0 L OW1 N ER1 S K AO1 L,4,0-1-1-1,role,prefix-required,nurse call,no new identity (functional),0,written form reads as intended,8,7,7,,3,0.4,0,,0.0,5.7,0.569,the lunar calendar (0.2278),preliminary trademark / naming review required; common word: weak distinctiveness,,8.66,8.025,pass,
53,review list (top 100),FOR MICHAEL'S REVIEW,hey home helper,hey home helper,HH EY1 HH OW1 M HH EH1 L P ER0,4,1-1-1-0,role,prefix-required,home helper,no new identity (functional),0,written form reads as intended,9,7,7,,3,1.2,0,,0.0,5.7,0.571,he should help (0.2389); him help (0.2438); some help (0.25); say he'd help (0.25),preliminary trademark / naming review required,,8.7,8.015,pass,
54,review list (top 100),FOR MICHAEL'S REVIEW,hello care desk,hello care desk,HH AH0 L OW1 K EH1 R D EH1 S K,4,0-1-1-1,role,prefix-required,care desk,no new identity (functional),0,written form reads as intended,8,7,7,,3,0.4,0,,0.5,5.9,0.588,the local mosque (0.23); a local mosque (0.23); local restaurant (0.235); envelope addressed (0.24),preliminary trademark / naming review required; common word: weak distinctiveness,,8.6,8.005,pass,
57,review list (top 100),FOR MICHAEL'S REVIEW,okay house helper,okay house helper,OW2 K EY1 HH AW1 S HH EH1 L P ER0,5,2-1-1-1-0,role,prefix-required,house helper,no new identity (functional),0,written form reads as intended,7,7,7,,3,0.0,0,,0.0,6.0,0.596,,preliminary trademark / naming review required,,8.6,8.0,pass,
58,review list (top 100),FOR MICHAEL'S REVIEW,okay opal,okay opal,OW2 K EY1 OW1 P AH0 L,4,2-1-1-0,word_name,prefix-required,opal,NEW ASSISTANT IDENTITY - would replace or sit beside ARIA; Michael's decision,0,written form reads as intended,9,9,7,,6,1.7,0,,1.6,5.0,0.5,okay okay (0.1667); capel (0.1667); paypal (0.225); papal (0.225),preliminary trademark / naming review required,,8.14,8.0,pass,
59,review list (top 100),FOR MICHAEL'S REVIEW,hey albertina,hey albertina,HH EY1 AA0 L B ER0 T IY1 N AH0,5,1-0-0-1-0,given_name,prefix-required,albertina,NEW ASSISTANT IDENTITY - would replace or sit beside ARIA; Michael's decision,0,written form reads as intended,9,9,8,,7,2.2,3,"albertina 0.002%, albertina",0.0,5.5,0.551,albertine (0.1375); albertina (0.2); of burkina (0.2112); altadena (0.2312),preliminary trademark / naming review required; personal name,G4_domain_names_commands,7.86,7.985,pass,
61,review list (top 100),FOR MICHAEL'S REVIEW,okay helper,okay helper,OW2 K EY1 HH EH1 L P ER0,4,2-1-1-0,role,prefix-required,helper,no new identity (functional),0,written form reads as intended,8,7,7,,3,0.3,0,,0.0,5.3,0.534,a helper (0.2357); ok here (0.2429),preliminary trademark / naming review required,,8.6,7.985,pass,
63,review list (top 100),FOR MICHAEL'S REVIEW,hey alvina,hey alvina,HH EY1 AE0 L V AY1 N AH0,4,1-0-1-0,given_name,prefix-required,alvina,NEW ASSISTANT IDENTITY - would replace or sit beside ARIA; Michael's decision,0,written form reads as intended,9,9,8,,7,2.0,3,"alvina 0.006%, alvina",0.0,5.1,0.514,elvira (0.15); gabriel finally (0.1714); calvinist (0.2071); day i'll find (0.2286),preliminary trademark / naming review required; personal name,G4_domain_names_commands,7.82,7.965,pass,
64,review list (top 100),FOR MICHAEL'S REVIEW,okay harmony,okay harmony,OW2 K EY1 HH AA1 R M AH0 N IY0,5,2-1-1-0-0,word_name,prefix-required,harmony,NEW ASSISTANT IDENTITY - would replace or sit beside ARIA; Michael's decision,0,written form reads as intended,8,9,7,,3,1.3,0,,0.8,5.6,0.562,the harmony (0.1833); a harmony (0.1833); before money (0.1889); yokohama is (0.2),preliminary trademark / naming review required; common word: weak distinctiveness,,8.3,7.95,pass,
67,review list (top 100),FOR MICHAEL'S REVIEW,okay jasmine,okay jasmine,OW2 K EY1 JH AE1 Z M AH0 N,4,2-1-1-0,word_name,prefix-required,jasmine,NEW ASSISTANT IDENTITY - would replace or sit beside ARIA; Michael's decision,2,written form reads as intended; 2 dictionary pronunciations,6,9,7,,6,0.4,0,,0.0,5.5,0.55,paid as much (0.2275); jasmine (0.25); of jasmine (0.25),preliminary trademark / naming review required,,8.22,7.945,pass,
69,review list (top 100),FOR MICHAEL'S REVIEW,okay nurse call,okay nurse call,OW2 K EY1 N ER1 S K AO1 L,4,2-1-1-1,role,prefix-required,nurse call,no new identity (functional),0,written form reads as intended,7,7,7,,3,0.0,0,,0.0,5.6,0.556,,preliminary trademark / naming review required; common word: weak distinctiveness,,8.52,7.94,pass,
70,review list (top 100),FOR MICHAEL'S REVIEW,okay ember,okay ember,OW2 K EY1 EH1 M B ER0,4,2-1-1-0,word_name,prefix-required,ember,NEW ASSISTANT IDENTITY - would replace or sit beside ARIA; Michael's decision,0,written form reads as intended,8,9,7,,6,1.0,0,,2.3,5.1,0.507,camber (0.2); kimber (0.2); clamber (0.2); spoke in berber (0.2143),preliminary trademark / naming review required,,7.96,7.935,pass,
71,review list (top 100),FOR MICHAEL'S REVIEW,okay sierra,okay sierra,OW2 K EY1 S IY0 EH1 R AH0,5,2-1-0-1-0,word_name,prefix-required,sierra,NEW ASSISTANT IDENTITY - would replace or sit beside ARIA; Michael's decision,0,written form reads as intended,8,9,7,,3,1.2,0,,0.7,5.3,0.527,ok here (0.1929); ok there (0.2243); case there (0.2286); case where (0.2286),preliminary trademark / naming review required; common word: weak distinctiveness,,8.28,7.935,pass,
73,review list (top 100),FOR MICHAEL'S REVIEW,okay ivory,okay ivory,OW2 K EY1 AY1 V ER0 IY0,5,2-1-1-0-0,word_name,prefix-required,ivory,NEW ASSISTANT IDENTITY - would replace or sit beside ARIA; Michael's decision,2,written form reads as intended; 2 dictionary pronunciations,9,9,7,,6,1.7,0,,1.3,5.0,0.503,ok i've (0.1667); broke every (0.1929); broke every rule (0.1929); horoscope every (0.2429),preliminary trademark / naming review required,,8.2,7.93,pass,
75,review list (top 100),FOR MICHAEL'S REVIEW,okay laurel,okay laurel,OW2 K EY1 L AO1 R AH0 L,4,2-1-1-0,word_name,prefix-required,laurel,NEW ASSISTANT IDENTITY - would replace or sit beside ARIA; Michael's decision,0,written form reads as intended,9,9,7,,6,2.2,0,,1.5,5.1,0.512,ok for a (0.1429); folklore and (0.2125); no quarrel with (0.2188); have no quarrel (0.2188),preliminary trademark / naming review required,,8.08,7.925,pass,
76,review list (top 100),FOR MICHAEL'S REVIEW,okay my helper,okay my helper,OW2 K EY1 M AY1 HH EH1 L P ER0,5,2-1-1-1-0,role,prefix-required,my helper,no new identity (functional),0,written form reads as intended,8,7,7,,3,0.9,0,,0.0,5.7,0.567,can i help (0.2056),preliminary trademark / naming review required,,8.56,7.925,pass,
78,review list (top 100),FOR MICHAEL'S REVIEW,okay everly,okay everly,OW2 K EY1 EH1 V ER0 L IY0,5,2-1-1-0-0,word_name,prefix-required,everly,NEW ASSISTANT IDENTITY - would replace or sit beside ARIA; Michael's decision,0,written form reads as intended,9,9,7,,6,2.2,0,,1.7,5.2,0.516,cleverly (0.1429); a clever little (0.225); cape verde (0.2429); don't ever leave (0.25),preliminary trademark / naming review required,,8.06,7.92,pass,
79,review list (top 100),FOR MICHAEL'S REVIEW,okay liberty,okay liberty,OW2 K EY1 L IH1 B ER0 T IY2,5,2-1-1-0-2,word_name,prefix-required,liberty,NEW ASSISTANT IDENTITY - would replace or sit beside ARIA; Michael's decision,0,written form reads as intended,9,9,7,,3,1.8,0,,1.3,5.4,0.539,to liberty (0.1625); me liberty (0.1812); my liberty (0.2); no liberty (0.2),preliminary trademark / naming review required; common word: weak distinctiveness,,8.26,7.92,pass,
80,review list (top 100),FOR MICHAEL'S REVIEW,okay coral,okay coral,OW2 K EY1 K AO1 R AH0 L,4,2-1-1-0,word_name,prefix-required,coral,NEW ASSISTANT IDENTITY - would replace or sit beside ARIA; Michael's decision,0,written form reads as intended,9,9,7,,6,2.2,0,,1.6,5.1,0.512,ok for a (0.1429); located along (0.1812); located along the (0.1812); to coral (0.1857),preliminary trademark / naming review required,,8.06,7.915,pass,
81,review list (top 100),FOR MICHAEL'S REVIEW,okay harbor,okay harbor,OW2 K EY1 HH AA1 R B ER0,4,2-1-1-0,word_name,prefix-required,harbor,NEW ASSISTANT IDENTITY - would replace or sit beside ARIA; Michael's decision,0,written form reads as intended,8,9,7,,3,1.1,0,,1.0,5.2,0.524,ok for her (0.1938); ok for (0.2214); okay for (0.2214); ok for a (0.2214),preliminary trademark / naming review required; common word: weak distinctiveness,,8.22,7.91,pass,
84,review list (top 100),FOR MICHAEL'S REVIEW,hello care team,hello care team,HH AH0 L OW1 K EH1 R T IY1 M,4,0-1-1-1,role,prefix-required,care team,no new identity (functional),0,written form reads as intended,9,7,7,,3,1.6,0,,0.3,5.6,0.555,a local tv (0.1689); the local community (0.1833); the local time (0.1889); the locality (0.2),preliminary trademark / naming review required; common word: weak distinctiveness,,8.54,7.89,pass,
85,review list (top 100),FOR MICHAEL'S REVIEW,okay robin,okay robin,OW2 K EY1 R AA1 B AH0 N,4,2-1-1-0,word_name,prefix-required,robin,NEW ASSISTANT IDENTITY - would replace or sit beside ARIA; Michael's decision,2,written form reads as intended; 2 dictionary pronunciations,9,9,7,,3,1.4,0,,1.1,5.2,0.521,so terrible (0.1812); is so terrible (0.1812); karajan (0.2071); so arrogant (0.2188),preliminary trademark / naming review required; common word: weak distinctiveness,,8.34,7.89,pass,
88,review list (top 100),FOR MICHAEL'S REVIEW,okay cardinal,okay cardinal,OW2 K EY1 K AA1 R D AH0 N AH0 L,5,2-1-1-0-0,word_name,prefix-required,cardinal,NEW ASSISTANT IDENTITY - would replace or sit beside ARIA; Michael's decision,2,written form reads as intended; 2 dictionary pronunciations,8,9,7,,6,1.9,0,,0.9,5.7,0.574,located in algiers (0.155); located in algeria (0.155); the cardinal (0.165); a cardinal (0.165),preliminary trademark / naming review required,,8.18,7.885,pass,
90,review list (top 100),FOR MICHAEL'S REVIEW,hey nevina,hey nevina,HH EY1 N EH0 V IY1 N AH0,4,1-0-1-0,constructed,prefix-required,nevina,NEW ASSISTANT IDENTITY - would replace or sit beside ARIA; Michael's decision,3,vowels may be read differently (HH EY1 N EY0 V IY1 N AH0),10.0,7,7,,8,2.5,0,,0.4,5.1,0.508,nevin (0.125); never in a (0.1643); nevins (0.1917); vezina (0.1967),preliminary trademark / naming review required; invented word: clearance search needed,,8.44,7.875,pass,
91,review list (top 100),FOR MICHAEL'S REVIEW,hey house helper,hey house helper,HH EY1 HH AW1 S HH EH1 L P ER0,4,1-1-1-0,role,prefix-required,house helper,no new identity (functional),0,written form reads as intended,8,7,7,,3,1.1,0,,0.0,5.6,0.561,householder (0.1938),preliminary trademark / naming review required,,8.5,7.87,pass,
94,review list (top 100),FOR MICHAEL'S REVIEW,okay beacon,okay beacon,OW2 K EY1 B IY1 K AH0 N,4,2-1-1-0,word_name,prefix-required,beacon,NEW ASSISTANT IDENTITY - would replace or sit beside ARIA; Michael's decision,0,written form reads as intended,9,9,7,,6,1.8,0,,3.1,5.2,0.516,baby can (0.1571); day become (0.1786); ok people (0.1875); may become (0.2071),preliminary trademark / naming review required,,7.86,7.86,pass,
96,review list (top 100),FOR MICHAEL'S REVIEW,okay briar,okay briar,OW2 K EY1 B R AY1 ER0,4,2-1-1-0,word_name,prefix-required,briar,NEW ASSISTANT IDENTITY - would replace or sit beside ARIA; Michael's decision,0,written form reads as intended,8,9,7,,6,2.3,0,,0.3,4.9,0.492,okay try (0.1333); ok by (0.1667); kobe bryant (0.2),preliminary trademark / naming review required,,8.06,7.845,pass,
97,review list (top 100),FOR MICHAEL'S REVIEW,hey dorana,hey dorana,HH EY1 D OW0 R AA1 N AH0,4,1-0-1-0,constructed,prefix-required,dorana,NEW ASSISTANT IDENTITY - would replace or sit beside ARIA; Michael's decision,3,vowels may be read differently (HH EY1 D AO0 R AA1 N AH0),10.0,7,7,,8,1.5,0,,2.9,5.2,0.52,door on (0.175); goes on a (0.175); they'd promised (0.1857); made promises (0.1857),preliminary trademark / naming review required; invented word: clearance search needed,,8.16,7.84,pass,
100,review list (top 100),FOR MICHAEL'S REVIEW,okay caretaker,okay caretaker,OW2 K EY1 K EH1 R T EY2 K ER0,5,2-1-1-2-0,role,prefix-required,caretaker,no new identity (functional),0,written form reads as intended,8,7,7,,3,1.3,0,,0.0,5.6,0.562,a caretaker (0.1833); the caretaker (0.1833); caretaker (0.2222); ok to take (0.2389),preliminary trademark / naming review required,,8.46,7.83,pass,
101,review list (top 100),FOR MICHAEL'S REVIEW,okay rowan,okay rowan,OW2 K EY1 R OW1 AH0 N,4,2-1-1-0,word_name,prefix-required,rowan,NEW ASSISTANT IDENTITY - would replace or sit beside ARIA; Michael's decision,0,written form reads as intended,9,9,7,,6,1.7,0,,3.3,5.0,0.499,to cairo and (0.1643); cairo in (0.1833); ok don't worry (0.1857); it's ok don't (0.1857),preliminary trademark / naming review required,,7.8,7.83,pass,
103,review list (top 100),FOR MICHAEL'S REVIEW,hello caretaker,hello caretaker,HH AH0 L OW1 K EH1 R T EY2 K ER0,5,0-1-1-2-0,role,prefix-required,caretaker,no new identity (functional),0,written form reads as intended,9,7,7,,3,2.2,0,,0.0,5.7,0.57,the local paper (0.14); local paper (0.1556); school caretaker (0.16); the caretaker (0.1633),preliminary trademark / naming review required,,8.5,7.815,pass,
105,review list (top 100),FOR MICHAEL'S REVIEW,okay marigold,okay marigold,OW2 K EY1 M EH1 R AH0 G OW2 L D,5,2-1-1-0-2,word_name,prefix-required,marigold,NEW ASSISTANT IDENTITY - would replace or sit beside ARIA; Michael's decision,0,written form reads as intended,8,9,7,,6,2.1,0,,2.2,5.7,0.571,likes marigolds (0.1455); he likes marigolds (0.1455); like marigolds (0.1455); she likes marigolds (0.1455),preliminary trademark / naming review required,,7.88,7.815,pass,
108,review list (top 100),FOR MICHAEL'S REVIEW,okay anchor,okay anchor,OW2 K EY1 AE1 NG K ER0,4,2-1-1-0,word_name,prefix-required,anchor,NEW ASSISTANT IDENTITY - would replace or sit beside ARIA; Michael's decision,0,written form reads as intended,8,9,7,,3,1.7,0,,0.6,5.0,0.5,canker (0.1667); ok after (0.1929); to anchor (0.2167); clunker (0.2167),preliminary trademark / naming review required; common word: weak distinctiveness,,8.14,7.8,pass,
109,review list (top 100),FOR MICHAEL'S REVIEW,okay birch,okay birch,OW2 K EY1 B ER1 CH,3,2-1-1,word_name,prefix-required,birch,NEW ASSISTANT IDENTITY - would replace or sit beside ARIA; Michael's decision,0,written form reads as intended,8,9,7,,6,1.4,0,,2.4,4.8,0.481,ok but (0.1783); okay but (0.1783); is ok but (0.1783); ok but mary (0.1783),preliminary trademark / naming review required,,7.8,7.8,pass,
110,review list (top 100),FOR MICHAEL'S REVIEW,okay dahlia,okay dahlia,OW2 K EY1 D AE1 L Y AH0,4,2-1-1-0,word_name,prefix-required,dahlia,NEW ASSISTANT IDENTITY - would replace or sit beside ARIA; Michael's decision,0,written form reads as intended,8,9,7,,6,1.5,0,,2.8,5.2,0.52,like italian (0.175); like italian food (0.175); you like italian (0.175); like italians (0.175),preliminary trademark / naming review required,,7.78,7.8,pass,
112,review list (top 100),FOR MICHAEL'S REVIEW,hey primrose,hey primrose,HH EY1 P R IH1 M R OW2 Z,3,1-1-2,word_name,prefix-required,primrose,NEW ASSISTANT IDENTITY - would replace or sit beside ARIA; Michael's decision,0,written form reads as intended,8,9,7,,6,2.5,0,,0.9,5.2,0.523,primrose (0.125); ring road (0.175); red rose (0.1833); rima knows (0.2071),preliminary trademark / naming review required,,7.96,7.79,pass,
113,review list (top 100),FOR MICHAEL'S REVIEW,okay cedar,okay cedar,OW2 K EY1 S IY1 D ER0,4,2-1-1-0,word_name,prefix-required,cedar,NEW ASSISTANT IDENTITY - would replace or sit beside ARIA; Michael's decision,0,written form reads as intended,8,9,7,,6,1.7,0,,2.2,5.0,0.499,smoke a cigarette (0.1643); ok see (0.1667); ok here (0.175); smoke cigarettes (0.2143),preliminary trademark / naming review required,,7.82,7.79,pass,
117,review list (top 100),FOR MICHAEL'S REVIEW,okay amber,okay amber,OW2 K EY1 AE1 M B ER0,4,2-1-1-0,word_name,prefix-required,amber,NEW ASSISTANT IDENTITY - would replace or sit beside ARIA; Michael's decision,0,written form reads as intended,8,9,7,,6,1.7,0,,2.3,5.0,0.5,camber (0.1667); clamber (0.1667); kimber (0.225); echo chamber (0.2271),preliminary trademark / naming review required,,7.8,7.78,pass,
119,review list (top 100),FOR MICHAEL'S REVIEW,okay haven,okay haven,OW2 K EY1 HH EY1 V AH0 N,4,2-1-1-0,word_name,prefix-required,haven,NEW ASSISTANT IDENTITY - would replace or sit beside ARIA; Michael's decision,0,written form reads as intended,9,9,7,,3,1.4,0,,3.3,5.2,0.521,brookhaven (0.1812); case of an (0.1857); hope i haven't (0.1875); ok isn't she (0.1988),preliminary trademark / naming review required; common word: weak distinctiveness,,7.9,7.77,pass,
120,review list (top 100),FOR MICHAEL'S REVIEW,hey care companion,hey care companion,HH EY1 K EH1 R K AH0 M P AE1 N Y AH0 N,5,1-1-0-1-0,role,prefix-required,care companion,no new identity (functional),0,written form reads as intended,9,7,7,,3,2.2,0,,1.4,6.3,0.626,your companion (0.1417); his companion (0.1433); good companion (0.1542); female companionship (0.1821),preliminary trademark / naming review required; common word: weak distinctiveness,,8.34,7.765,pass,
122,review list (top 100),FOR MICHAEL'S REVIEW,okay care desk,okay care desk,OW2 K EY1 K EH1 R D EH1 S K,4,2-1-1-1,role,prefix-required,care desk,no new identity (functional),0,written form reads as intended,7,7,7,,3,0.9,0,,0.0,5.6,0.564,take a risk (0.2056); take a rest (0.2222); picaresque (0.2222),preliminary trademark / naming review required; common word: weak distinctiveness,,8.34,7.76,pass,
125,review list (top 100),FOR MICHAEL'S REVIEW,okay sapphire,okay sapphire,OW2 K EY1 S AE1 F AY0 ER0,5,2-1-1-0-0,word_name,prefix-required,sapphire,NEW ASSISTANT IDENTITY - would replace or sit beside ARIA; Michael's decision,0,written form reads as intended,8,9,7,,6,2.8,0,,0.7,5.2,0.52,case of fire (0.1625); pacifier (0.1714); ok if i (0.2); okay if i (0.2),preliminary trademark / naming review required,,7.94,7.75,pass,
126,review list (top 100),FOR MICHAEL'S REVIEW,hey carma,hey carma,HH EY1 K AA1 R M AA0,3,1-1-0,given_name,prefix-required,carma,NEW ASSISTANT IDENTITY - would replace or sit beside ARIA; Michael's decision,0,written form reads as intended,9,9,8,,7,3.7,0,carma,1.2,4.7,0.473,hey come on (0.0667); karma (0.08); car my (0.09); methocarbamol (0.1429),preliminary trademark / naming review required; personal name,,7.76,7.745,pass,
127,review list (top 100),FOR MICHAEL'S REVIEW,hey alena,hey alena,HH EY1 AA0 L EY1 N AH0,4,1-0-1-0,given_name,prefix-required,alena,NEW ASSISTANT IDENTITY - would replace or sit beside ARIA; Michael's decision,0,written form reads as intended,10.0,9,8,,7,5.0,0,alena,0.0,4.6,0.461,alena (0.0); all in a (0.11); alana (0.11); are in a (0.15),preliminary trademark / naming review required; personal name,,7.92,7.74,pass,
128,review list (top 100),FOR MICHAEL'S REVIEW,hey elinor,hey elinor,HH EY1 EH1 L IH0 N ER0,4,1-1-0-0,given_name,prefix-required,elinor,NEW ASSISTANT IDENTITY - would replace or sit beside ARIA; Michael's decision,0,written form reads as intended,10.0,9,8,,7,5.0,0,elinor,0.0,4.6,0.461,elinor (0.0); eleanor (0.1); hell in (0.1667); elenore (0.1667),preliminary trademark / naming review required; personal name,,7.92,7.74,pass,
132,review list (top 100),FOR MICHAEL'S REVIEW,hey borita,hey borita,HH EY1 B OW0 R IY1 T AH0,4,1-0-1-0,constructed,prefix-required,borita,NEW ASSISTANT IDENTITY - would replace or sit beside ARIA; Michael's decision,3,vowels may be read differently (HH EY1 B AO0 R IY1 T AH0),10.0,7,7,,8,2.7,0,,1.6,5.1,0.506,bonita (0.1167); morita (0.1667); murrieta (0.1667); brita (0.1667),preliminary trademark / naming review required; invented word: clearance search needed,,8.16,7.715,pass,
134,review list (top 100),FOR MICHAEL'S REVIEW,okay trinity,okay trinity,OW2 K EY1 T R IH1 N AH0 T IY0,5,2-1-1-0-0,word_name,prefix-required,trinity,NEW ASSISTANT IDENTITY - would replace or sit beside ARIA; Michael's decision,2,written form reads as intended; 2 dictionary pronunciations,8,9,7,,6,2.1,0,,2.0,5.5,0.553,holy trinity (0.145); the holy trinity (0.145); the trinity (0.1833); trinity (0.2222),preliminary trademark / naming review required,,7.88,7.705,pass,
136,review list (top 100),FOR MICHAEL'S REVIEW,okay aurora,okay aurora,OW2 K EY1 ER0 AO1 R AH0,5,2-1-0-1-0,word_name,prefix-required,aurora,NEW ASSISTANT IDENTITY - would replace or sit beside ARIA; Michael's decision,0,written form reads as intended,9,9,7,,6,2.2,0,,3.6,5.0,0.497,ok for a (0.1429); ok for (0.1667); okay for (0.1667); ok or (0.1667),preliminary trademark / naming review required,,7.64,7.7,pass,
138,review list (top 100),FOR MICHAEL'S REVIEW,okay clover,okay clover,OW2 K EY1 K L OW1 V ER0,4,2-1-1-0,word_name,prefix-required,clover,NEW ASSISTANT IDENTITY - would replace or sit beside ARIA; Michael's decision,0,written form reads as intended,8,9,7,,6,2.2,0,,2.3,5.1,0.512,cake over (0.1429); pay closer (0.1486); take over (0.1929); takeover (0.1929),preliminary trademark / naming review required,,7.72,7.695,pass,
144,review list (top 100),FOR MICHAEL'S REVIEW,hey gracia,hey gracia,HH EY1 G R AA1 CH AH0,3,1-1-0,given_name,prefix-required,gracia,NEW ASSISTANT IDENTITY - would replace or sit beside ARIA; Michael's decision,0,written form reads as intended,8,9,8,,7,3.0,0,gracia,2.1,4.9,0.492,rocca (0.1475); gracia (0.1667); dacha (0.175); watch a (0.1875),preliminary trademark / naming review required; personal name,,7.56,7.675,pass,
150,review list (top 100),FOR MICHAEL'S REVIEW,hey care team,hey care team,HH EY1 K EH1 R T IY1 M,3,1-1-1,role,prefix-required,care team,no new identity (functional),0,written form reads as intended,9,7,7,,3,2.5,0,,0.0,5.1,0.506,carotene (0.1286); keratin (0.15); hate eating (0.1643); their team (0.1667),preliminary trademark / naming review required; common word: weak distinctiveness,,8.32,7.665,pass,
151,review list (top 100),FOR MICHAEL'S REVIEW,hey jaime,hey jaime,HH EY1 HH AY1 M IY0,3,1-1-0,given_name,prefix-required,jaime,NEW ASSISTANT IDENTITY - would replace or sit beside ARIA; Michael's decision,0,written form reads as intended,10.0,9,8,,7,5.0,0,jaime,0.5,4.4,0.439,jaime (0.0); jaimie (0.0); say how many (0.09); way how many (0.09),preliminary trademark / naming review required; personal name,,7.78,7.66,pass,
155,review list (top 100),FOR MICHAEL'S REVIEW,okay cypress,okay cypress,OW2 K EY1 S AY1 P R AH0 S,4,2-1-1-0,word_name,prefix-required,cypress,NEW ASSISTANT IDENTITY - would replace or sit beside ARIA; Michael's decision,2,written form reads as intended; 2 dictionary pronunciations,6,9,7,,6,1.8,0,,0.0,5.4,0.535,to cyprus (0.1625); ok for a (0.2363); cyprus (0.25); cypress (0.25),preliminary trademark / naming review required,,7.92,7.65,pass,
157,review list (top 100),FOR MICHAEL'S REVIEW,okay care team,okay care team,OW2 K EY1 K EH1 R T IY1 M,4,2-1-1-1,role,prefix-required,care team,no new identity (functional),0,written form reads as intended,8,7,7,,3,2.1,0,,0.0,5.4,0.543,located in (0.1938); located in the (0.1938); located in north (0.1938); located in a (0.1938),preliminary trademark / naming review required; common word: weak distinctiveness,,8.26,7.64,pass,
159,review list (top 100),FOR MICHAEL'S REVIEW,hey briar,hey briar,HH EY1 B R AY1 ER0,3,1-1-0,word_name,prefix-required,briar,NEW ASSISTANT IDENTITY - would replace or sit beside ARIA; Michael's decision,0,written form reads as intended,9,9,7,,6,3.6,0,,1.0,4.7,0.467,kobe bryant (0.12); liar (0.1333); royer (0.1333); highbrow (0.15),preliminary trademark / naming review required,,7.82,7.635,pass,
163,review list (top 100),FOR MICHAEL'S REVIEW,okay rosemary,okay rosemary,OW2 K EY1 R OW1 Z M EH2 R IY0,5,2-1-1-2-0,word_name,prefix-required,rosemary,NEW ASSISTANT IDENTITY - would replace or sit beside ARIA; Michael's decision,0,written form reads as intended,7,9,7,,6,2.2,0,,2.1,5.5,0.551,care of mary (0.1378); he knows mary (0.2189); care if mary (0.2211); rosemary (0.2222),preliminary trademark / naming review required,,7.64,7.625,pass,
166,review list (top 100),FOR MICHAEL'S REVIEW,hey bethel,hey bethel,HH EY1 B EH1 TH AH0 L,3,1-1-0,given_name,prefix-required,bethel,NEW ASSISTANT IDENTITY - would replace or sit beside ARIA; Michael's decision,2,written form reads as intended; 2 dictionary pronunciations,10.0,9,8,,7,5.0,0,bethel,0.3,4.6,0.458,bethel (0.0); bissell (0.064); basle (0.064); baffle (0.08),preliminary trademark / naming review required; personal name,,7.86,7.61,pass,
168,review list (top 100),FOR MICHAEL'S REVIEW,okay sterling,okay sterling,OW2 K EY1 S T ER1 L IH0 NG,4,2-1-1-0,word_name,prefix-required,sterling,NEW ASSISTANT IDENTITY - would replace or sit beside ARIA; Michael's decision,0,written form reads as intended,7,9,7,,3,2.5,0,,0.0,5.4,0.539,walk after lunch (0.1767); a sterling (0.2062); pestering (0.2125); back after lunch (0.2322),preliminary trademark / naming review required; common word: weak distinctiveness,,7.98,7.61,pass,
172,review list (top 100),FOR MICHAEL'S REVIEW,hey madala,hey madala,HH EY1 M AH0 D AA1 L AH0,4,1-0-1-0,constructed,prefix-required,madala,NEW ASSISTANT IDENTITY - would replace or sit beside ARIA; Michael's decision,3,vowels may be read differently (HH EY1 M AA0 D AA1 L AH0),10.0,7,7,,8,3.0,0,,2.0,5.0,0.503,hematology (0.1); madonna (0.1167); mandala (0.1333); madara (0.1333),preliminary trademark / naming review required; invented word: clearance search needed,,8.0,7.6,pass,
180,review list (top 100),FOR MICHAEL'S REVIEW,hey thalia,hey thalia,HH EY1 TH EY1 L Y AH0,3,1-1-0,given_name,prefix-required,thalia,NEW ASSISTANT IDENTITY - would replace or sit beside ARIA; Michael's decision,0,written form reads as intended,9,9,8,,7,5.0,0,thalia,0.0,4.6,0.458,thalia (0.0); celia (0.114); shelia (0.118); epithelium (0.1333),preliminary trademark / naming review required; personal name,,7.72,7.59,pass,
181,review list (top 100),FOR MICHAEL'S REVIEW,okay crystal,okay crystal,OW2 K EY1 K R IH1 S T AH0 L,4,2-1-1-0,word_name,prefix-required,crystal,NEW ASSISTANT IDENTITY - would replace or sit beside ARIA; Michael's decision,0,written form reads as intended,7,9,7,,3,2.3,0,,0.9,5.6,0.559,a crystal (0.1833); the crystal (0.1833); take little (0.1944); take this call (0.2133),preliminary trademark / naming review required; common word: weak distinctiveness,,7.88,7.59,pass,
183,review list (top 100),FOR MICHAEL'S REVIEW,okay ruby,okay ruby,OW2 K EY1 R UW1 B IY0,4,2-1-1-0,word_name,prefix-required,ruby,NEW ASSISTANT IDENTITY - would replace or sit beside ARIA; Michael's decision,0,written form reads as intended,9,9,7,,6,3.2,0,,2.6,4.9,0.494,ok to be (0.1429); okay to be (0.1429); spoke arabic (0.2); kgb (0.22),preliminary trademark / naming review required,,7.62,7.585,pass,
185,review list (top 100),FOR MICHAEL'S REVIEW,hello companion,hello companion,HH AH0 L OW1 K AH0 M P AE1 N Y AH0 N,5,0-1-0-1-0,role,prefix-required,companion,no new identity (functional),0,written form reads as intended,9,7,7,,3,2.3,0,,2.8,6.1,0.605,only companion (0.1333); and companion (0.1417); my companion (0.1455); a companion (0.15),preliminary trademark / naming review required; common word: weak distinctiveness,,8.0,7.575,pass,
186,review list (top 100),FOR MICHAEL'S REVIEW,hello helper,hello helper,HH AH0 L OW1 HH EH1 L P ER0,4,0-1-1-0,role,prefix-required,helper,no new identity (functional),0,written form reads as intended,9,7,7,,3,2.9,0,,0.4,5.3,0.534,shall i help (0.1562); help help (0.1625); hello hello (0.1625); the local berber (0.1963),preliminary trademark / naming review required,,8.2,7.575,pass,
