model \ spoken candidate,aria,hey_aria,zaria,okay_aria,kolabamo,hey_kolabamo,kotrubo,hello_kotrubo,kookaburra,hey_kookaburra,okay_velora_veh_lor_uh,velora_veh_lor_uh,hello_pomona,pomona,okay_lumaro,callista_kuh_liss_tuh,callista_call_iss_tuh,hey_callista_kuh_liss_tuh,kestra_kess_truh,hey_kestra_kess_truh,krysta_kriss_tuh,hey_krysta_kriss_tuh,sivia_siv_ee_uh,hey_sivia_siv_ee_uh,sivia_see_vee_uh,hey_sivia_see_vee_uh,okay_verona,okay_evergreen,okay_juniper,okay_sequoia,hey_thomasina,hello_home_helper,hey_care_companion,hey_nevina
aria,own,0.0972,0.0347,0.0139,0.0,0.0,0.0,0.0,0.0,0.0,0.0069,0.0,0.0,0.0,0.0,0.0,0.0,0.0,0.0,0.0069,0.0069,0.0069,0.0139,0.0,0.0139,0.0278,,,,,,,,
hey_aria,0.0139,own,0.0278,0.1944,0.0,0.0069,0.0,0.0,0.0,0.0,0.0139,0.0,0.0,0.0069,0.0,0.0,0.0,0.0069,0.0,0.0,0.0,0.0,0.0,0.0,0.0,0.0,,,,,,,,
zaria,0.0139,0.0139,own,0.0,0.0,0.0,0.0,0.0,0.0,0.0,0.0,0.0,0.0,0.0,0.0,0.0,0.0,0.0,0.0,0.0,0.0,0.0,0.0,0.0,0.0,0.0,,,,,,,,
okay_aria,0.0,0.0694,0.0,own,0.0,0.0278,0.0,0.0069,0.0,0.0069,0.1458,0.0,0.0347,0.0,0.0903,0.0,0.0,0.0,0.0,0.0,0.0,0.0,0.0,0.0,0.0,0.0,,,,,,,,
kolabamo,0.0,0.0069,0.0,0.0,own,0.625,0.0486,0.0694,0.0,0.0,0.0139,0.0,0.0278,0.0208,0.0,0.0,0.0,0.0,0.0,0.0,0.0,0.0,0.0,0.0,0.0,0.0,,,,,,,,
hey_kolabamo,0.0,0.0,0.0,0.0,0.0,own,0.0417,0.0069,0.0,0.3194,0.0278,0.0,0.0139,0.0,0.0,0.0,0.0,0.0833,0.0,0.0,0.0,0.125,0.0,0.0069,0.0069,0.0069,,,,,,,,
kotrubo,0.0,0.0,0.0,0.0,0.0,0.0208,own,0.4583,0.0278,0.25,0.0139,0.0,0.0069,0.0,0.0069,0.0,0.0,0.0,0.0,0.0,0.0,0.0,0.0,0.0,0.0,0.0,,,,,,,,
hello_kotrubo,0.0,0.0,0.0,0.0069,0.0,0.0,0.0417,own,0.0,0.1181,0.0069,0.0,0.0833,0.0,0.0,0.0,0.0,0.0,0.0,0.0,0.0,0.0,0.0,0.0069,0.0,0.0139,,,,,,,,
kookaburra,0.0,0.0069,0.0,0.0069,0.0625,0.0,0.0,0.0069,own,0.4722,0.0417,0.0069,0.0,0.0,0.0069,0.0,0.0,0.0,0.0,0.0,0.0,0.0,0.0,0.0069,0.0,0.0069,,,,,,,,
hey_kookaburra,0.0,0.0,0.0,0.0,0.0,0.2569,0.1111,0.2083,0.0556,own,0.125,0.0,0.0139,0.0,0.0278,0.0,0.0,0.0208,0.0,0.0139,0.0,0.0417,0.0,0.0139,0.0,0.0069,,,,,,,,
okay_velora_veh_lor_uh,0.0,0.0,0.0,0.1944,0.0069,0.0278,0.0069,0.0,0.1389,0.3403,own,0.0,0.0069,0.0,0.5556,0.0,0.0,0.0,0.0,0.0,0.0,0.0,0.0,0.0625,0.0,0.0625,,,,,,,,
velora_veh_lor_uh,0.0069,0.0,0.0278,0.0,0.0,0.0,0.0069,0.0139,0.0069,0.0208,0.0694,own,0.0,0.0556,0.0,0.0,0.0208,0.0,0.0,0.0,0.0,0.0,0.0,0.0,0.0,0.0,,,,,,,,
hello_pomona,0.0,0.0,0.0,0.0,0.0,0.0069,0.0069,0.0,0.0139,0.0,0.0,0.0,own,0.0,0.0069,0.0,0.0,0.0,0.0,0.0,0.0,0.0,0.0069,0.0,0.0069,0.0,,,,,,,,
pomona,0.0,0.0,0.0,0.0,0.0139,0.0278,0.0069,0.0,0.0208,0.0417,0.0556,0.0139,0.2431,own,0.0278,0.0,0.0,0.0,0.0,0.0,0.0,0.0,0.0,0.0,0.0,0.0,,,,,,,,
okay_lumaro,0.0,0.0,0.0,0.0556,0.0,0.0833,0.0069,0.0069,0.0,0.0,0.3125,0.0,0.0486,0.0139,own,0.0,0.0,0.0,0.0069,0.0,0.0,0.0,0.0,0.0139,0.0,0.0,,,,,,,,
callista_kuh_liss_tuh,0.0,0.0,0.0,0.0,0.0,0.0,0.0,0.0,0.0,0.0,0.0,0.0,0.0,0.0,0.0,own,0.1389,0.2708,0.0069,0.0069,0.0486,0.0069,0.0,0.0139,0.0,0.0347,,,,,,,,
callista_call_iss_tuh,0.0,0.0,0.0,0.0,0.0,0.0,0.0,0.0,0.0,0.0,0.0,0.0,0.0,0.0,0.0,0.0139,own,0.1736,0.0,0.0,0.0,0.0,0.0,0.0,0.0,0.0,,,,,,,,
hey_callista_kuh_liss_tuh,0.0,0.0,0.0,0.0,0.0,0.0486,0.0,0.0139,0.0,0.0069,0.0069,0.0,0.0,0.0,0.0,0.0,0.0,own,0.0,0.0139,0.0,0.3264,0.0,0.0069,0.0,0.0,,,,,,,,
kestra_kess_truh,0.0,0.0,0.0,0.0,0.0,0.0,0.0,0.0,0.0,0.0,0.0,0.0,0.0,0.0,0.0,0.0139,0.0,0.0,own,0.2917,0.0347,0.0208,0.0,0.0,0.0,0.0,,,,,,,,
hey_kestra_kess_truh,0.0,0.0,0.0,0.0,0.0,0.0,0.0,0.0,0.0,0.0069,0.0,0.0,0.0,0.0,0.0,0.0208,0.0,0.0278,0.0,own,0.0,0.2292,0.0069,0.0,0.0,0.0,,,,,,,,
krysta_kriss_tuh,0.0,0.0,0.0,0.0,0.0,0.0,0.0,0.0,0.0,0.0,0.0,0.0,0.0,0.0,0.0,0.0,0.0139,0.0069,0.0069,0.0,own,0.3889,0.0,0.0278,0.0,0.0347,,,,,,,,
hey_krysta_kriss_tuh,0.0,0.0,0.0,0.0,0.0,0.0069,0.0,0.0,0.0,0.0139,0.0,0.0,0.0,0.0,0.0,0.0,0.0,0.0764,0.0,0.1042,0.0,own,0.0,0.0,0.0,0.0,,,,,,,,
sivia_siv_ee_uh,0.0,0.0,0.0,0.0,0.0,0.0,0.0,0.0,0.0,0.0,0.0,0.0,0.0,0.0,0.0,0.0,0.0,0.0,0.0,0.0,0.0,0.0,own,0.2222,0.125,0.0833,,,,,,,,
hey_sivia_siv_ee_uh,0.0,0.0,0.0,0.0,0.0,0.0,0.0069,0.0069,0.0,0.0,0.0,0.0,0.0,0.0,0.0,0.0,0.0,0.0,0.0,0.0,0.0,0.0,0.0,own,0.0,0.2222,,,,,,,,
sivia_see_vee_uh,0.0,0.0,0.0694,0.0,0.0,0.0,0.0,0.0,0.0069,0.0,0.0,0.0069,0.0069,0.0,0.0,0.0,0.0,0.0,0.0,0.0,0.0,0.0,0.7222,0.4861,own,0.4097,,,,,,,,
hey_sivia_see_vee_uh,0.0,0.0,0.0,0.0,0.0,0.0,0.0,0.0,0.0,0.0,0.0,0.0,0.0,0.0,0.0,0.0,0.0,0.0,0.0,0.0,0.0,0.0,0.0,0.7847,0.0,own,,,,,,,,
okay_verona,0.0,0.0,0.0,0.0208,0.0,0.0,0.0,0.0139,0.0,0.0,0.1458,0.0,0.0,0.0,0.1597,0.0,0.0,0.0,0.0,0.0,0.0,0.0,0.0,0.0,0.0,0.0,own,0.0,0.0139,0.0,0.0,0.0,0.0,0.0
okay_evergreen,0.0,0.0,0.0,0.0139,0.0,0.0,0.0,0.0,0.0,0.0069,0.0069,0.0,0.0,0.0,0.0,0.0,0.0,0.0,0.0,0.0,0.0,0.0,0.0,0.0,0.0,0.0,0.0069,own,0.0069,0.0069,0.0,0.0,0.0,0.0
okay_juniper,0.0,0.0,0.0,0.0,0.0,0.0,0.0,0.0278,0.0,0.0069,0.0139,0.0,0.0,0.0,0.0,0.0,0.0,0.0,0.0,0.0,0.0,0.0,0.0,0.0,0.0,0.0069,0.0139,0.0208,own,0.0,0.0,0.0,0.0,0.0
okay_sequoia,0.0,0.0,0.0,0.0208,0.0,0.0,0.0,0.0,0.0,0.0,0.0,0.0,0.0,0.0,0.0139,0.0,0.0,0.0069,0.0,0.0278,0.0,0.0,0.0,0.0,0.0,0.0,0.0069,0.0208,0.0278,own,0.0,0.0,0.0,0.0
hey_thomasina,0.0,0.0,0.0,0.0069,0.0,0.0208,0.0,0.0,0.0,0.0,0.0069,0.0,0.0,0.0,0.0,0.0,0.0,0.1875,0.0,0.0069,0.0,0.0069,0.0,0.0,0.0,0.0,0.0069,0.0,0.0,0.0,own,0.0,0.0417,0.0
hello_home_helper,0.0,0.0,0.0,0.0,0.0,0.0069,0.0,0.0139,0.0,0.0,0.0,0.0,0.0833,0.0139,0.0,0.0,0.0,0.0,0.0,0.0,0.0,0.0,0.0,0.0,0.0,0.0,0.0,0.0,0.0,0.0,0.0,own,0.0,0.0
hey_care_companion,0.0,0.0,0.0,0.0139,0.0,0.1111,0.0069,0.0,0.0,0.0764,0.1111,0.0,0.0,0.0,0.1528,0.0,0.0,0.0,0.0,0.0,0.0,0.0,0.0,0.0,0.0,0.0,0.0972,0.0139,0.0694,0.0,0.0,0.0,own,0.0
hey_nevina,0.0,0.0,0.0,0.0,0.0486,0.0069,0.0,0.0,0.0,0.0069,0.0069,0.0,0.0069,0.0069,0.0,0.0,0.0,0.0,0.0,0.0,0.0,0.0,0.0,0.0,0.0139,0.0139,0.0,0.0,0.0,0.0,0.0,0.0,0.0,own
