phrase (false-activation rate at each model's matched cutoff),aria,hey_aria,zaria,okay_aria,kolabamo,hey_kolabamo,kotrubo,hello_kotrubo,kookaburra,hey_kookaburra,okay_velora_veh_lor_uh,velora_veh_lor_uh,hello_pomona,pomona,okay_lumaro,callista_kuh_liss_tuh,callista_call_iss_tuh,hey_callista_kuh_liss_tuh,kestra_kess_truh,hey_kestra_kess_truh,krysta_kriss_tuh,hey_krysta_kriss_tuh,sivia_siv_ee_uh,hey_sivia_siv_ee_uh,sivia_see_vee_uh,hey_sivia_see_vee_uh,okay_verona,okay_evergreen,okay_juniper,okay_sequoia,hey_thomasina,hello_home_helper,hey_care_companion,hey_nevina
negatives_extra:civia,0.0,0.0,0.0,0.0,0.0,0.0,0.0,0.0,0.0083,0.0,0.0,0.0,0.025,0.0,0.0,0.0,0.0,0.0,0.0,0.0,0.0,0.0,0.1083,0.0,0.575,0.0,0.0,0.0,0.0083,0.0,0.0,0.0,0.0,0.0
negatives_extra:hey_olivia,0.025,0.0167,0.0,0.0,0.0,0.0,0.0,0.0,0.0,0.0083,0.0,0.0083,0.0,0.0,0.0,0.0,0.0,0.0083,0.0,0.0,0.0,0.0,0.0,0.0,0.0,0.0,0.0,0.0,0.0083,0.0,0.0,0.0,0.0,0.0417
negatives_extra:hey_sylvia,0.0,0.0,0.0,0.0083,0.0,0.0,0.0,0.0,0.0,0.0,0.0,0.0,0.0,0.0,0.0,0.0,0.0,0.0,0.0,0.0,0.0,0.0,0.0,0.0667,0.075,0.075,0.0,0.0,0.0,0.0,0.0,0.0,0.0083,0.0167
negatives_extra:olivia,0.0583,0.0083,0.0,0.0,0.0,0.0,0.0,0.0,0.0,0.0,0.0,0.0167,0.0,0.0,0.0,0.0,0.0,0.0083,0.0,0.0,0.0,0.0083,0.0,0.0,0.0083,0.0,0.0,0.0,0.0,0.0,0.0,0.0,0.0,0.0333
negatives_extra:see_via,0.0333,0.125,0.0,0.0167,0.0083,0.0,0.0,0.0,0.025,0.0,0.0083,0.0,0.0,0.0,0.0,0.0,0.0,0.0,0.0,0.0,0.0,0.0,0.0,0.0,0.1417,0.0,0.0,0.0,0.0,0.0,0.0083,0.0,0.0,0.0
negatives_extra:severe,0.0,0.0,0.0,0.0,0.0,0.0,0.0,0.0,0.0083,0.0,0.0,0.0167,0.0,0.0,0.0,0.0,0.0,0.0,0.0,0.0,0.0,0.0,0.25,0.0,0.3583,0.0,0.0,0.0,0.0,0.0,0.0,0.0,0.0,0.0
negatives_extra:shiva,0.0083,0.0,0.0,0.0,0.0167,0.0083,0.0,0.0,0.0,0.0,0.0083,0.0167,0.0,0.0,0.0083,0.0,0.0,0.0,0.0,0.0,0.0,0.0,0.0,0.0,0.0167,0.0,0.0083,0.0,0.0,0.0,0.0,0.0,0.0,0.0
negatives_extra:siri,0.0083,0.025,0.05,0.0,0.0,0.0,0.0,0.0,0.0,0.0,0.0,0.0417,0.0,0.0,0.0,0.0,0.0,0.0,0.0,0.0,0.0,0.0,0.0,0.0,0.0083,0.0,0.0,0.0,0.0,0.0,0.0,0.0,0.0,0.0
negatives_extra:siva,0.0583,0.0,0.0,0.0,0.0167,0.0,0.0,0.0,0.0,0.0,0.0167,0.0083,0.0,0.0,0.0,0.0,0.0,0.0,0.0,0.0,0.0,0.0,0.0,0.0,0.125,0.0,0.0167,0.0,0.0,0.0,0.0,0.0,0.0,0.0
negatives_extra:sylvia,0.0167,0.0,0.0083,0.0083,0.0,0.0,0.0,0.0,0.0,0.0,0.0,0.0,0.0167,0.0,0.0083,0.0,0.0,0.0,0.0,0.0,0.0,0.0,0.05,0.0083,0.2917,0.0,0.0,0.0,0.0,0.0,0.0,0.0,0.0,0.0333
negatives_extra:syria,0.0,0.1167,0.2333,0.0083,0.0,0.0,0.0,0.0,0.0,0.0,0.0083,0.025,0.0,0.0,0.0,0.0,0.0,0.0,0.0,0.0,0.0,0.0,0.0083,0.0,0.2667,0.0,0.0,0.0,0.0,0.0,0.0,0.0,0.0,0.0
negatives_extra:trivia,0.025,0.0,0.0167,0.0,0.0,0.0083,0.0,0.0,0.0,0.0,0.0083,0.0,0.0083,0.0,0.0,0.0,0.0,0.0,0.0,0.0,0.0,0.0,0.05,0.0,0.3333,0.0,0.0,0.0,0.0,0.0,0.0,0.0,0.0,0.0
negatives_extra:vivian,0.0083,0.0,0.0,0.0083,0.0167,0.0167,0.0,0.0,0.0,0.0,0.0167,0.0,0.0,0.0,0.0,0.0,0.0,0.0,0.0,0.0,0.0,0.0,0.0167,0.0167,0.0417,0.0167,0.0,0.0,0.0,0.0,0.0,0.0,0.0,0.0167
negatives_heldout:barack_obama,0.0,0.0,0.0,0.0,0.0417,0.0,0.0,0.0,0.0417,0.0167,0.0083,0.0,0.0,0.0083,0.0,0.0,0.0,0.0,0.0,0.0,0.0,0.0,0.0,0.0083,0.0,0.0,0.0,0.0,0.0167,0.0,0.0,0.0,0.0,0.0
negatives_heldout:camorra,0.0,0.0167,0.0,0.0,0.0083,0.0,0.0,0.0,0.0,0.0,0.0,0.1083,0.0,0.0667,0.0,0.0,0.0,0.0,0.0,0.0,0.0,0.0,0.0,0.0,0.0083,0.0,0.0,0.0,0.0,0.0,0.0083,0.0,0.0,0.0
negatives_heldout:cut_rima,0.0167,0.0,0.0,0.0,0.0,0.0,0.0,0.0,0.0,0.0,0.025,0.0,0.0,0.0083,0.0417,0.0,0.0,0.0,0.0,0.0,0.0,0.0,0.0,0.0,0.0,0.0,0.0,0.0,0.0,0.0,0.0,0.0,0.0,0.0083
negatives_heldout:cut_rima_off,0.0083,0.0,0.0,0.0,0.0,0.0083,0.0,0.0,0.0,0.0,0.0833,0.0,0.0,0.0,0.05,0.0,0.0,0.0,0.0,0.0,0.0,0.0,0.0,0.0,0.0167,0.0,0.0,0.0,0.0,0.0,0.0,0.0,0.0,0.0
negatives_heldout:daria,0.0,0.0667,0.0917,0.0083,0.0,0.0,0.0,0.0,0.0,0.0,0.0,0.0,0.0,0.0,0.0,0.0,0.0,0.0,0.0,0.0,0.0,0.0,0.0,0.0,0.05,0.0,0.0,0.0,0.0,0.0,0.0,0.0,0.0,0.0
negatives_heldout:hilarious,0.0,0.05,0.0,0.0,0.0,0.0,0.0,0.0,0.0,0.0,0.0,0.025,0.0,0.0083,0.0,0.0,0.0,0.0,0.0,0.0,0.0,0.0,0.0,0.0,0.0,0.0,0.0,0.0,0.0,0.0,0.0,0.0,0.0,0.0
negatives_heldout:his_political_opponents,0.0083,0.0,0.0,0.0,0.0,0.0083,0.0,0.0,0.0,0.0,0.0,0.0,0.0,0.0,0.0,0.0,0.0,0.0,0.0,0.0,0.0167,0.0,0.0,0.0,0.0,0.0,0.0,0.0,0.0083,0.0083,0.0,0.0,0.0,0.0
negatives_heldout:indo_aryan,0.0583,0.0583,0.0,0.0167,0.0,0.0,0.0,0.0,0.075,0.0,0.0,0.0,0.0,0.0,0.025,0.0,0.0,0.0,0.0,0.0083,0.0,0.0,0.0,0.0,0.0,0.0,0.0,0.0,0.0,0.0,0.0,0.0,0.0,0.0
negatives_heldout:indo_aryan_language,0.0583,0.05,0.0,0.0333,0.0,0.0,0.0,0.0,0.0333,0.0,0.0,0.0,0.0,0.0,0.0,0.0,0.0,0.0083,0.0,0.0,0.0,0.0,0.0,0.0,0.0,0.0,0.0,0.0,0.0,0.0,0.0,0.0,0.0,0.0083
negatives_heldout:just_a_moment,0.0,0.0083,0.0,0.0,0.0,0.0083,0.0,0.0,0.0,0.0,0.0,0.0,0.0667,0.1,0.0,0.0667,0.0,0.0,0.0,0.0,0.0083,0.0,0.0,0.0333,0.0,0.0167,0.0,0.0,0.0,0.0,0.0,0.0,0.0083,0.0
negatives_heldout:kabbalah,0.0,0.025,0.0,0.0,0.025,0.0,0.0,0.0,0.0,0.0,0.0,0.0333,0.0,0.0,0.0,0.0,0.0,0.0,0.0,0.0,0.0,0.0,0.0,0.0,0.0083,0.0,0.0,0.0,0.0,0.0,0.0,0.0,0.0,0.0083
negatives_heldout:known_a,0.0167,0.0,0.0,0.0,0.0,0.0,0.0,0.0,0.0,0.0,0.0,0.05,0.0,0.0,0.0,0.0,0.0,0.0,0.0,0.0,0.0,0.0,0.0,0.0,0.0,0.0,0.0,0.0,0.0,0.0083,0.0,0.0,0.0,0.0
negatives_heldout:lara,0.0,0.0167,0.0083,0.0,0.0,0.0,0.0,0.0,0.0,0.0,0.0,0.0833,0.0,0.0,0.0,0.0,0.0,0.0,0.0,0.0,0.0,0.0,0.0,0.0,0.0,0.0,0.0,0.0,0.0,0.0,0.0,0.0,0.0,0.0
negatives_heldout:local_markets,0.0083,0.0,0.0,0.0083,0.0,0.0667,0.0,0.0083,0.025,0.0167,0.0,0.0,0.1,0.0,0.0083,0.0,0.0,0.0,0.0,0.0,0.0,0.0,0.0,0.0,0.0,0.0,0.0083,0.0,0.0,0.0,0.0,0.0,0.0,0.0
negatives_heldout:political_opponents,0.0,0.0,0.0,0.0,0.0,0.0167,0.0,0.0,0.0,0.0583,0.0,0.0,0.0,0.0,0.0,0.0,0.0,0.025,0.0,0.0,0.0,0.0083,0.0,0.0,0.0,0.0,0.0,0.0,0.0,0.0,0.0167,0.0,0.0,0.0
negatives_heldout:remote_areas,0.0167,0.0167,0.0,0.0083,0.0,0.0,0.0,0.0083,0.0,0.0,0.0,0.0,0.0,0.0083,0.0083,0.0,0.0,0.0,0.0,0.0083,0.0,0.0,0.0,0.0,0.0,0.0,0.0,0.0,0.0083,0.0083,0.0,0.0,0.0,0.0
negatives_heldout:rhea,0.2,0.0,0.0083,0.0,0.0,0.0,0.0,0.0,0.0,0.0,0.0,0.0,0.0,0.0,0.0,0.0,0.0,0.0,0.0,0.0,0.0,0.0,0.0,0.0,0.0,0.0,0.0,0.0,0.0,0.0,0.0,0.0,0.0,0.0
negatives_heldout:rosaria,0.0083,0.0167,0.0333,0.025,0.0,0.0,0.0,0.0,0.0,0.0,0.0,0.0,0.0,0.0,0.0,0.0,0.0,0.0,0.0,0.0,0.0083,0.0,0.0,0.0,0.0167,0.0,0.0,0.0,0.0,0.0,0.0,0.0,0.0,0.0
negatives_heldout:the_local_market,0.0083,0.0,0.0,0.0083,0.0083,0.0333,0.0,0.0,0.0083,0.0167,0.0,0.0,0.05,0.0,0.0083,0.0,0.0,0.0167,0.0,0.0,0.0,0.0,0.0,0.0,0.0167,0.0,0.0083,0.0,0.0,0.0,0.0,0.025,0.0,0.0083
negatives_heldout:there_are_a,0.0,0.025,0.0,0.0,0.0,0.0,0.0,0.0,0.0,0.0,0.0,0.0333,0.0,0.0,0.0,0.0,0.0,0.0083,0.0,0.0,0.0,0.0,0.0,0.0,0.0083,0.0,0.0,0.0,0.0,0.0,0.0,0.0,0.0,0.0
negatives_heldout:vasco_da_gama,0.0,0.0,0.0083,0.0,0.0,0.0,0.0,0.0,0.0,0.0,0.0,0.0,0.0,0.0,0.0,0.0,0.0,0.0,0.0,0.0,0.0,0.0,0.0,0.0,0.0,0.025,0.0,0.0,0.0,0.0,0.0,0.0,0.0,0.0
negatives_heldout:wrote_mary_a,0.0417,0.0,0.0,0.0,0.0,0.0,0.0,0.0,0.0,0.0,0.0083,0.0,0.0083,0.0,0.0,0.0,0.0,0.0,0.0,0.0,0.0,0.0,0.0,0.0,0.0,0.0,0.0083,0.0,0.0083,0.0,0.0,0.0,0.0,0.0
negatives_trained:a_formidable_opponent,0.0,0.0,0.0,0.0,0.0,0.0,0.0,0.0,0.0,0.0,0.0083,0.0,0.0,0.0083,0.0,0.0,0.0,0.0,0.0,0.0,0.0,0.0,0.0,0.0,0.0,0.0,0.0,0.0167,0.0167,0.0,0.0,0.0,0.0,0.0
negatives_trained:aaron,0.0083,0.0167,0.0,0.0083,0.0,0.0,0.0,0.0,0.0,0.0,0.0,0.0417,0.0,0.0,0.0,0.0083,0.0,0.0083,0.0,0.0,0.0,0.0,0.0,0.0,0.0,0.0,0.0,0.0,0.0,0.0,0.0,0.0,0.0,0.0167
negatives_trained:activities,0.0,0.0,0.0,0.0,0.0,0.0,0.0,0.0,0.0083,0.0,0.0333,0.0,0.0,0.0,0.0,0.0,0.0,0.0,0.0,0.0,0.0,0.0,0.0,0.0083,0.0,0.0,0.0,0.0,0.0083,0.0,0.0,0.0,0.0,0.05
negatives_trained:air_conditioner,0.0,0.0,0.0,0.0,0.0,0.0,0.0,0.0083,0.0,0.0,0.0,0.0,0.0,0.0083,0.0,0.0,0.0,0.0,0.0,0.0,0.0,0.0,0.0,0.0,0.0,0.0,0.0,0.0,0.0167,0.0,0.0,0.0,0.0,0.0
negatives_trained:are_you_there,0.175,0.0,0.0,0.0083,0.0,0.0,0.0,0.0,0.0,0.0,0.025,0.0,0.0,0.0,0.0,0.0,0.0,0.0,0.0,0.0,0.0,0.0,0.0,0.0,0.0167,0.0,0.0,0.0,0.0,0.0,0.0,0.0,0.0,0.0
negatives_trained:area,0.0667,0.1333,0.0083,0.0,0.0,0.0,0.0,0.0,0.0,0.0,0.0,0.0333,0.0,0.0083,0.0,0.0,0.0,0.0,0.0,0.0,0.0,0.0,0.0,0.0,0.0,0.0,0.0,0.0,0.0,0.0,0.0,0.0,0.0,0.0
negatives_trained:ari,0.225,0.05,0.0333,0.0,0.0,0.0,0.0,0.0,0.0,0.0,0.0,0.0333,0.0,0.0,0.0,0.0,0.0,0.0,0.0,0.0,0.0,0.0,0.0,0.0,0.0,0.0,0.0,0.0,0.0,0.0,0.0,0.0,0.0,0.0
negatives_trained:aria,0.0417,0.0917,0.0,0.0,0.0,0.0,0.0,0.0,0.0,0.0,0.0,0.025,0.0,0.0,0.0,0.0083,0.0,0.0,0.0,0.0,0.0,0.0,0.0,0.0,0.0,0.0,0.0,0.0,0.0,0.0,0.0,0.0,0.0,0.0333
negatives_trained:arianna,0.125,0.025,0.0167,0.0,0.0,0.0,0.0,0.0,0.0,0.0,0.0,0.0,0.0,0.0,0.0,0.0,0.0,0.0,0.0,0.0,0.0,0.0,0.0,0.0,0.0,0.0,0.0,0.0,0.0,0.0,0.0,0.0,0.0,0.0
negatives_trained:ariel,0.1833,0.0083,0.0083,0.0083,0.0,0.0,0.0,0.0,0.0,0.0,0.0,0.0,0.0,0.0,0.0,0.0,0.0,0.0,0.0,0.0,0.0,0.0,0.0,0.0,0.0,0.0,0.0,0.0,0.0,0.0,0.0,0.0,0.0,0.0
negatives_trained:barrier,0.1,0.0333,0.0167,0.0,0.0,0.0,0.0,0.0,0.0,0.0,0.0,0.0,0.0,0.0,0.0,0.0,0.0,0.0,0.0,0.0,0.0,0.0,0.0083,0.0,0.0083,0.0,0.0083,0.0,0.0,0.0,0.0,0.0,0.0,0.0
negatives_trained:bathroom,0.0,0.0,0.0,0.0,0.0,0.0,0.0,0.0083,0.0,0.0,0.0083,0.0,0.0,0.0,0.05,0.0,0.0,0.0,0.0,0.0083,0.0,0.0,0.0,0.0167,0.0,0.0,0.0,0.0,0.0,0.0,0.0083,0.0,0.0,0.0
negatives_trained:bavaria,0.0,0.0,0.0167,0.0583,0.0,0.0,0.0,0.0,0.0,0.0,0.0,0.0083,0.0,0.0,0.0,0.0,0.0,0.0,0.0,0.0,0.0,0.0,0.0,0.0,0.0,0.0,0.0,0.0,0.0,0.0,0.0,0.0,0.0,0.0
negatives_trained:blood_pressure,0.0,0.0,0.0,0.0,0.0,0.0,0.0,0.0,0.0,0.0,0.0,0.0,0.0,0.0,0.0,0.0,0.0,0.0,0.0,0.0,0.0,0.0,0.0,0.0,0.0,0.0,0.0,0.0,0.0,0.0,0.0,0.0,0.0,0.0
negatives_trained:breakfast,0.0,0.0,0.0,0.0,0.0,0.0,0.0,0.0,0.0,0.0,0.0,0.0,0.0,0.0,0.0,0.0,0.0,0.0,0.0,0.0,0.0,0.0,0.0,0.0,0.0,0.0,0.0,0.0,0.0,0.0167,0.0,0.0,0.0,0.0
negatives_trained:breaking_news,0.0083,0.0,0.0,0.0,0.0,0.0,0.0,0.0,0.0,0.0,0.025,0.0,0.025,0.0,0.0,0.0,0.0,0.0,0.0,0.0,0.0,0.0,0.0,0.0,0.0,0.0,0.0,0.0,0.0083,0.0,0.0,0.0,0.0,0.0
negatives_trained:calista,0.0083,0.0,0.0,0.0,0.0,0.0,0.0,0.0,0.0,0.0,0.0083,0.0,0.0,0.0,0.0,0.1833,0.025,0.025,0.0,0.0,0.0,0.0,0.0,0.0,0.0,0.0,0.0,0.0,0.0,0.0,0.0,0.0,0.0,0.0
negatives_trained:call,0.0167,0.0,0.0,0.0,0.0083,0.0,0.0,0.0,0.0,0.0,0.0,0.0083,0.0,0.0,0.0,0.0,0.0,0.0,0.0,0.0,0.0,0.0,0.0,0.0,0.0,0.0,0.0,0.0,0.0,0.0,0.0,0.0,0.0,0.0
negatives_trained:call_the_nurse,0.0,0.0,0.0,0.0,0.0,0.0,0.0,0.0,0.0,0.0,0.0,0.025,0.0,0.05,0.0,0.0,0.0,0.0,0.0,0.0,0.0,0.0,0.0,0.0,0.0,0.0,0.0,0.0,0.0,0.0,0.0,0.0,0.0,0.0083
negatives_trained:call_upon,0.0167,0.0,0.0,0.0,0.0333,0.0083,0.0,0.0167,0.025,0.0,0.0,0.0417,0.0333,0.0,0.0,0.0,0.0,0.0,0.0,0.0,0.0,0.0,0.0,0.0,0.0,0.0,0.0,0.0,0.0,0.0,0.0,0.0,0.0083,0.0333
negatives_trained:can_you_hear_me,0.0,0.0,0.0,0.0,0.0,0.0,0.0,0.0,0.0,0.0,0.0,0.0,0.0,0.0083,0.0,0.0,0.0,0.0,0.0,0.0,0.0,0.0,0.0,0.0,0.0,0.0,0.0,0.0,0.0,0.0,0.0,0.0,0.0083,0.0
negatives_trained:care,0.0,0.0,0.0083,0.0,0.0,0.0,0.0,0.0,0.0,0.0,0.0,0.1,0.0,0.0,0.0,0.0,0.0,0.0,0.0,0.0,0.0,0.0,0.0,0.0,0.0,0.0,0.0,0.0,0.0,0.0,0.0,0.0,0.0,0.0
negatives_trained:caregiver,0.0,0.0,0.0167,0.0083,0.0083,0.0,0.0,0.0,0.0,0.0,0.0,0.0,0.0,0.0,0.0,0.0,0.0,0.0,0.0,0.0,0.0,0.0,0.0,0.0,0.0417,0.0,0.0,0.0,0.0,0.0,0.0,0.0,0.0,0.0
negatives_trained:carrie,0.025,0.0333,0.0417,0.0,0.0,0.0,0.0,0.0,0.0,0.0,0.0083,0.0,0.0,0.0,0.0,0.0,0.0,0.0,0.0,0.0,0.0,0.0,0.0,0.0,0.0,0.0,0.0,0.0,0.0,0.0,0.0,0.0,0.0,0.0
negatives_trained:cassandra,0.0,0.0,0.0,0.0,0.0,0.0,0.0,0.0,0.0,0.0,0.025,0.0,0.0,0.0,0.0,0.0,0.0,0.0083,0.0,0.0,0.0,0.0,0.0,0.0167,0.025,0.025,0.0,0.0,0.0,0.0,0.0,0.0,0.0,0.0
negatives_trained:channel,0.0083,0.0,0.025,0.0,0.0,0.0,0.0,0.0,0.0,0.0,0.0,0.0083,0.0,0.0,0.0,0.0,0.0,0.0,0.0,0.0,0.0,0.0,0.0,0.0,0.0,0.0,0.0,0.0,0.0,0.0,0.0,0.0,0.0,0.0
negatives_trained:chris,0.0333,0.0,0.0,0.0,0.0,0.0,0.0,0.0,0.0,0.0,0.0,0.0,0.0,0.0,0.0,0.0,0.025,0.0,0.0,0.0,0.0,0.0,0.0,0.0083,0.0,0.0,0.0,0.0,0.0,0.0,0.0,0.0,0.0,0.0
negatives_trained:christian,0.0,0.0,0.0,0.0,0.0,0.0,0.0,0.0,0.0,0.0,0.0,0.0,0.0,0.0,0.0,0.0,0.0,0.0,0.0083,0.0,0.0917,0.0,0.0,0.0083,0.0,0.0083,0.0,0.0,0.0,0.0083,0.0,0.0,0.0,0.0
negatives_trained:christmas,0.0333,0.0,0.0,0.0,0.0,0.0,0.0,0.0,0.0,0.0,0.0,0.0,0.0,0.0,0.0083,0.0,0.0,0.0,0.0,0.0,0.1167,0.0,0.0,0.0,0.0,0.0,0.0,0.0,0.0,0.0,0.0,0.0,0.0,0.0083
negatives_trained:clarissa,0.0,0.0,0.0,0.0,0.0,0.0,0.0,0.0,0.0,0.0,0.0,0.0,0.0,0.0,0.0,0.0,0.0,0.0,0.0,0.0,0.0,0.0,0.0,0.0,0.0,0.0,0.0,0.0,0.0,0.0,0.0,0.0,0.0,0.0
negatives_trained:cold_on,0.0083,0.0,0.0,0.0,0.1167,0.0167,0.0,0.0,0.0,0.0,0.0083,0.0,0.1167,0.0,0.0,0.0,0.0,0.0083,0.0,0.0,0.0,0.0,0.0,0.0,0.025,0.0,0.0,0.0,0.0,0.0,0.0,0.0083,0.0,0.0
negatives_trained:commercial,0.0083,0.0,0.0,0.0,0.0,0.0,0.0,0.0083,0.0,0.0,0.0,0.0,0.0,0.0083,0.0,0.0,0.0,0.0,0.0,0.0,0.0,0.0,0.0,0.0,0.0,0.0,0.0,0.0,0.0,0.0,0.0,0.0,0.0,0.0
negatives_trained:common_area,0.0083,0.0083,0.0,0.0,0.0,0.0,0.0,0.0,0.0,0.0,0.0,0.0083,0.0,0.0333,0.0,0.0,0.0,0.0,0.0,0.0,0.0,0.0,0.0,0.0,0.0,0.0,0.0,0.0,0.0,0.0,0.0,0.0,0.0,0.0
negatives_trained:crystal,0.0,0.0,0.0,0.0,0.0,0.0,0.0,0.0,0.0,0.0,0.0,0.0,0.0,0.0,0.0,0.0,0.0,0.0,0.0,0.0,0.0417,0.0,0.0,0.0,0.0,0.0,0.0,0.0,0.0,0.0,0.0,0.0,0.0,0.0
negatives_trained:dairy,0.0,0.0083,0.0083,0.0,0.0,0.0,0.0,0.0,0.0,0.0,0.0083,0.0083,0.0,0.0,0.0083,0.0,0.0,0.0,0.0,0.0,0.0,0.0,0.0,0.0,0.0,0.0,0.0,0.0,0.0,0.0,0.0,0.0,0.0,0.0
negatives_trained:daria,0.0167,0.0333,0.05,0.0167,0.0,0.0,0.0,0.0,0.0,0.0,0.0,0.0083,0.0,0.0,0.0,0.0,0.0,0.0,0.0,0.0,0.0,0.0,0.0,0.0,0.0417,0.0,0.0,0.0,0.0,0.0,0.0,0.0,0.0,0.0
negatives_trained:dietary,0.0,0.0,0.0,0.0,0.0,0.0,0.0,0.0167,0.0,0.0,0.0,0.0,0.0,0.0,0.0,0.0,0.0,0.0,0.0,0.0,0.0,0.0,0.0,0.0,0.0,0.0,0.0,0.0,0.0417,0.0,0.0,0.0,0.0,0.0
negatives_trained:dinner,0.0083,0.0083,0.0,0.0,0.0,0.0,0.0,0.0,0.0,0.0,0.0083,0.0083,0.0,0.0083,0.0,0.0,0.0,0.0,0.0,0.0,0.0,0.0,0.0,0.0,0.0583,0.0,0.0083,0.0,0.0,0.0,0.0,0.0,0.0,0.0
negatives_trained:doctor_appointment,0.0083,0.0,0.0,0.0,0.0,0.0,0.0167,0.0,0.0,0.0,0.0,0.0,0.0,0.0,0.0,0.0,0.0,0.0,0.0,0.0,0.0,0.0,0.0,0.0,0.0,0.0,0.0,0.0,0.0167,0.0167,0.0,0.0,0.0167,0.0
negatives_trained:emergency,0.0,0.0083,0.0,0.0,0.0,0.0,0.0,0.0,0.0,0.0,0.0,0.0,0.0,0.0,0.0,0.0083,0.0,0.0,0.0,0.0,0.0,0.0,0.0,0.0,0.0,0.0,0.0,0.0,0.0,0.0,0.0,0.0,0.0,0.0
negatives_trained:extra,0.0083,0.0,0.0,0.0,0.0,0.0,0.0,0.0,0.0,0.0,0.0,0.0,0.0,0.0,0.0,0.0,0.0,0.0,0.0167,0.0,0.0333,0.0,0.0,0.0,0.0,0.0,0.0,0.0,0.0,0.0,0.0,0.0,0.0,0.0
negatives_trained:family,0.0,0.0,0.0167,0.0,0.0,0.0,0.0,0.0,0.0,0.0,0.0,0.0,0.0,0.0083,0.0,0.0,0.0,0.0,0.0,0.0,0.0083,0.0,0.0,0.0,0.0167,0.0,0.0,0.0,0.0,0.0,0.0,0.0,0.0,0.0333
negatives_trained:formidable_opponent,0.0,0.0,0.0,0.0,0.0,0.0,0.0,0.0,0.0,0.0,0.0,0.0,0.0,0.0,0.0,0.0,0.0,0.0,0.0,0.0,0.0,0.0,0.0,0.0083,0.0,0.0,0.0,0.0,0.0,0.0,0.0,0.0,0.0,0.0167
negatives_trained:gloria,0.0167,0.1,0.0083,0.0083,0.0,0.0,0.0,0.0,0.0,0.0,0.0,0.1583,0.0,0.0,0.0,0.0,0.0,0.0,0.0,0.0,0.0,0.0,0.0,0.0,0.0,0.0,0.0,0.0,0.0,0.0,0.0,0.0,0.0,0.0
negatives_trained:harry,0.0417,0.025,0.05,0.0,0.0,0.0,0.0,0.0,0.0,0.0,0.0,0.0,0.0,0.0,0.0,0.0,0.0,0.0,0.0,0.0,0.0,0.0,0.0,0.0,0.0,0.0,0.0,0.0,0.0,0.0,0.0,0.0,0.0,0.0
negatives_trained:has_psychic_abilities,0.0,0.0,0.0,0.0,0.0,0.0,0.0,0.0,0.0,0.0,0.0,0.0,0.0,0.0,0.0,0.0,0.0,0.0167,0.0,0.0,0.0167,0.0,0.0,0.0,0.0,0.0,0.0,0.0,0.0167,0.0,0.0,0.0,0.0,0.0
negatives_trained:hello,0.0333,0.0,0.0,0.0,0.0,0.0,0.0,0.0,0.0,0.0,0.0083,0.05,0.0,0.0,0.0083,0.0083,0.0,0.0,0.0,0.0,0.0,0.0,0.0,0.0,0.0,0.0,0.0,0.0,0.0,0.0,0.0,0.0,0.0,0.0
negatives_trained:hello_there,0.0083,0.0,0.0,0.0,0.0083,0.0,0.0,0.0,0.0,0.0,0.0,0.0417,0.0083,0.0,0.0083,0.0,0.0,0.0,0.0,0.0,0.0,0.0,0.0,0.0,0.0,0.0,0.0,0.0,0.0,0.0,0.0,0.0,0.0,0.0
negatives_trained:help,0.0083,0.0333,0.0,0.0,0.0,0.0,0.0,0.0,0.0,0.0,0.0,0.0,0.0,0.0,0.0,0.0,0.0,0.0,0.0,0.0,0.0083,0.0,0.0,0.0,0.0,0.0,0.0,0.0,0.0,0.0,0.0,0.0,0.0,0.0
negatives_trained:hey,0.0417,0.0,0.0083,0.0,0.0,0.0,0.0,0.0,0.0,0.0,0.0,0.0,0.0,0.0,0.0,0.0,0.0,0.0083,0.0,0.0,0.0,0.0,0.0,0.0,0.0083,0.0,0.0,0.0,0.0,0.0,0.0,0.0,0.0,0.0
negatives_trained:hey_area,0.075,0.1667,0.0,0.025,0.0,0.0,0.0,0.0,0.0,0.0,0.0,0.0,0.0,0.0,0.0,0.0,0.0,0.0,0.0,0.0,0.0,0.0,0.0167,0.0,0.0333,0.0,0.0,0.0,0.0083,0.0,0.0,0.0,0.0167,0.0
negatives_trained:hey_ari,0.05,0.3917,0.0,0.025,0.0,0.0,0.0,0.0,0.0083,0.0,0.0,0.0083,0.0,0.0,0.0,0.0,0.0,0.0,0.0,0.0,0.0,0.0,0.0,0.0,0.0083,0.0,0.0,0.0,0.0,0.0,0.0,0.0,0.0,0.0
negatives_trained:hey_maria,0.0083,0.1083,0.0,0.0083,0.0,0.0,0.0,0.0,0.0083,0.0,0.0,0.0,0.0,0.0,0.025,0.0,0.0,0.0,0.0,0.0,0.0,0.0,0.0,0.0,0.0,0.0,0.0,0.0,0.0,0.0,0.0,0.0,0.0,0.0583
negatives_trained:hey_siri,0.0,0.0083,0.0,0.0,0.0,0.0083,0.0,0.0,0.0,0.0,0.0,0.0,0.0,0.0,0.0,0.0,0.0,0.0,0.0083,0.0,0.0167,0.0,0.0,0.025,0.0,0.1917,0.0,0.0,0.0,0.0,0.0,0.0,0.0,0.0
negatives_trained:hey_there,0.025,0.0,0.0,0.0,0.0,0.0,0.0,0.0,0.0,0.0,0.0,0.0,0.0,0.0083,0.0,0.0,0.0,0.0,0.0,0.0,0.0,0.0,0.0,0.0,0.025,0.0,0.0,0.0,0.0,0.0,0.0,0.0,0.0,0.0083
negatives_trained:hey_you,0.0583,0.0083,0.0,0.0083,0.0,0.0083,0.0,0.0,0.0,0.0,0.0083,0.0,0.0,0.0,0.0,0.0,0.0,0.0,0.0,0.0,0.0,0.0,0.0,0.0,0.0083,0.0083,0.0,0.0,0.0,0.0,0.0,0.0,0.0,0.0083
negatives_trained:hi_honey,0.0167,0.0417,0.0083,0.0167,0.0,0.0,0.0,0.0,0.0,0.0,0.0,0.0,0.0,0.0,0.0,0.0,0.0,0.0167,0.0,0.0,0.0,0.0,0.0,0.0,0.0,0.0,0.0,0.0083,0.0167,0.0,0.0,0.0,0.0,0.0
negatives_trained:hi_there,0.0,0.0083,0.0083,0.0,0.0,0.0,0.0,0.0,0.0,0.0,0.0,0.0,0.0,0.0,0.0,0.0,0.0,0.0,0.0,0.0,0.0,0.0,0.0,0.0,0.0083,0.0,0.0,0.0,0.0,0.0,0.0,0.0,0.0,0.025
negatives_trained:hurry_up,0.25,0.025,0.0417,0.0,0.0,0.0,0.0,0.0,0.0,0.0,0.0,0.0,0.0,0.0,0.0,0.0,0.0,0.0,0.0,0.0,0.0,0.0,0.0,0.0,0.0,0.0,0.0,0.0,0.0,0.0,0.0,0.0,0.0,0.0
negatives_trained:kabila,0.0,0.025,0.0,0.0,0.0167,0.0,0.0,0.0,0.0,0.0,0.0,0.0,0.0,0.0,0.0,0.0,0.0,0.0,0.0,0.0,0.0,0.0,0.0,0.0,0.025,0.0,0.0,0.0,0.0,0.0,0.0,0.0,0.0083,0.0083
negatives_trained:kestrel,0.0,0.0,0.0,0.0,0.0,0.0,0.0,0.0,0.0,0.0,0.0,0.0,0.0,0.0,0.0,0.0083,0.0,0.0,0.1083,0.0,0.0,0.0,0.0,0.0,0.0,0.0083,0.0,0.0,0.0,0.0,0.0,0.0,0.0,0.0
negatives_trained:korea,0.0833,0.0,0.0083,0.0,0.0,0.0,0.0,0.0,0.0,0.0,0.0,0.025,0.0,0.0,0.0,0.0,0.0,0.0,0.0,0.0,0.0,0.0,0.0,0.0,0.0083,0.0,0.0,0.0,0.0,0.0,0.0,0.0,0.0,0.0
negatives_trained:krista,0.0083,0.0,0.0,0.0,0.0,0.0,0.0,0.0,0.0,0.0,0.0,0.0,0.0,0.0,0.0,0.025,0.0,0.0,0.0333,0.0,0.1333,0.0,0.0,0.0,0.0,0.0,0.0,0.0,0.0,0.0,0.0,0.0,0.0,0.0
negatives_trained:larry,0.0,0.0,0.0,0.0,0.0,0.0,0.0,0.0,0.0,0.0,0.0,0.0,0.0,0.0,0.0,0.0,0.0,0.0,0.0,0.0,0.0,0.0,0.0,0.0,0.0,0.0,0.0,0.0,0.0,0.0,0.0,0.0,0.0,0.0
negatives_trained:laura,0.0,0.0167,0.0,0.0,0.0167,0.0,0.0,0.0,0.0,0.0,0.0,0.2333,0.0,0.0,0.0,0.0,0.0,0.0,0.0,0.0,0.0,0.0,0.0,0.0,0.0,0.0,0.0,0.0,0.0,0.0,0.0,0.0,0.0,0.0
negatives_trained:light,0.025,0.0167,0.0,0.0,0.0,0.0,0.0,0.0,0.0,0.0,0.0,0.0167,0.0,0.0167,0.0,0.0,0.0,0.0,0.0,0.0,0.0,0.0,0.0,0.0,0.0,0.0,0.0,0.0,0.0,0.0,0.0,0.0,0.0,0.0
negatives_trained:list,0.0,0.0,0.0,0.0,0.0,0.0,0.0,0.0,0.0,0.0,0.0,0.0,0.0,0.0,0.0,0.0,0.0,0.0,0.0,0.0,0.0,0.0,0.0,0.0,0.0,0.0,0.0,0.0,0.0,0.0,0.0,0.0,0.0,0.0
negatives_trained:listen,0.0,0.0,0.0,0.0,0.0,0.0,0.0,0.0,0.0,0.0,0.0,0.0,0.0,0.0,0.0,0.0,0.0,0.0,0.0,0.0,0.0417,0.0,0.0,0.025,0.0,0.0333,0.0,0.0,0.0,0.0,0.0,0.0083,0.0,0.0
negatives_trained:local_authorities,0.0,0.0,0.0,0.0,0.0,0.0333,0.0,0.0,0.0,0.0,0.0,0.0,0.0,0.0,0.0,0.0,0.0,0.05,0.0,0.0,0.0,0.0,0.0,0.0,0.0,0.0,0.0,0.0,0.0,0.0083,0.0,0.0,0.0,0.0
negatives_trained:local_market,0.0,0.0,0.0083,0.0,0.0,0.0333,0.0,0.0,0.0,0.025,0.0083,0.0,0.0583,0.0,0.0,0.0,0.0,0.025,0.0,0.0083,0.0,0.0,0.0,0.0,0.0083,0.0,0.0,0.0,0.0,0.0083,0.0,0.0,0.0,0.0
negatives_trained:lora,0.0083,0.0167,0.0,0.0,0.0,0.0,0.0,0.0,0.0,0.0,0.0,0.1833,0.0,0.0,0.0,0.0,0.0,0.0,0.0,0.0,0.0,0.0,0.0,0.0,0.0083,0.0083,0.0,0.0,0.0083,0.0,0.0,0.0,0.0,0.0
negatives_trained:maintenance,0.0083,0.0,0.0,0.0,0.0,0.0,0.0,0.0,0.0,0.0,0.0,0.0,0.0,0.0167,0.0,0.0,0.0,0.0,0.0,0.0,0.0,0.0,0.0,0.0,0.0,0.0,0.0,0.0,0.0,0.0,0.0,0.0,0.0,0.0
negatives_trained:malaria,0.0,0.0,0.0,0.0,0.0,0.0,0.0,0.0,0.0,0.0,0.0,0.0083,0.0,0.0,0.0,0.0,0.0,0.0,0.0,0.0,0.0,0.0,0.0,0.0,0.0,0.0,0.0,0.0,0.0,0.0,0.0,0.0,0.0,0.0
negatives_trained:maria,0.0833,0.0,0.0083,0.0,0.0,0.0,0.0,0.0,0.0,0.0,0.0,0.0,0.0,0.0,0.0,0.0,0.0,0.0,0.0,0.0,0.0,0.0,0.0083,0.0,0.025,0.0,0.0,0.0,0.0,0.0,0.0,0.0,0.0,0.0
negatives_trained:mario,0.05,0.0083,0.0167,0.0,0.0,0.0,0.0,0.0,0.0,0.0,0.0083,0.0,0.0,0.0167,0.0,0.0,0.0,0.0,0.0,0.0,0.0,0.0,0.0,0.0,0.0,0.0,0.0,0.0,0.0,0.0,0.0,0.0,0.0,0.0083
negatives_trained:mary,0.0167,0.0,0.0083,0.0,0.0,0.0,0.0,0.0,0.0,0.0,0.0,0.0083,0.0,0.0,0.0,0.0,0.0,0.0,0.0,0.0,0.0,0.0,0.0,0.0,0.0,0.0,0.0,0.0,0.0,0.0,0.0,0.0,0.0,0.0
negatives_trained:mary_about,0.05,0.0,0.0,0.0,0.0,0.0,0.0,0.0,0.0,0.0,0.0,0.0,0.0,0.0,0.0,0.0,0.0,0.0,0.0,0.0,0.0,0.0,0.0,0.0,0.0083,0.0,0.0,0.0,0.0,0.0,0.0,0.0,0.0,0.0
negatives_trained:mary_admitted,0.0,0.0,0.0,0.0,0.0,0.0,0.0,0.0,0.0,0.0,0.0,0.0,0.0,0.0,0.0,0.0,0.0,0.0,0.0,0.0,0.0,0.0,0.0,0.0,0.0,0.0,0.0,0.0,0.0,0.0,0.0,0.0,0.0,0.0
negatives_trained:medication,0.0,0.0,0.0,0.0,0.0,0.0083,0.0,0.0,0.0,0.0,0.0,0.0,0.0,0.0,0.0,0.0,0.0,0.0,0.0,0.0,0.0,0.0,0.0,0.0,0.0,0.0,0.0,0.0,0.0083,0.0,0.0083,0.0,0.0083,0.0
negatives_trained:melissa,0.0,0.0,0.0,0.0,0.0,0.0,0.0,0.0,0.0,0.0,0.0,0.0,0.0,0.0083,0.0,0.0,0.0,0.0,0.0,0.0,0.0,0.0,0.0,0.0,0.0,0.0,0.0,0.0,0.0,0.0083,0.0,0.0,0.0,0.0
negatives_trained:memory_care,0.0,0.0083,0.0,0.0,0.0,0.0,0.0,0.0,0.0,0.0,0.0,0.0083,0.0,0.0,0.0083,0.0,0.0,0.0,0.0,0.0,0.0,0.0,0.0083,0.0,0.0083,0.0,0.0,0.0,0.0167,0.0,0.0,0.0,0.0,0.0
negatives_trained:moma,0.0,0.025,0.0,0.0,0.0,0.0,0.0,0.0,0.0,0.0,0.0,0.0083,0.0,0.0,0.0,0.0,0.0,0.0,0.0,0.0,0.0,0.0,0.0,0.0,0.0,0.0,0.0,0.0,0.0,0.0,0.0,0.0,0.0,0.0
negatives_trained:mona,0.0167,0.0083,0.0,0.0,0.0,0.0,0.0,0.0,0.0,0.0,0.0,0.0583,0.0,0.025,0.0,0.0,0.0,0.0,0.0,0.0,0.0,0.0,0.0,0.0,0.0083,0.0,0.0,0.0,0.0,0.0,0.0,0.0,0.0,0.0167
negatives_trained:nurse,0.0,0.0,0.0,0.0,0.0,0.0,0.0,0.0,0.0,0.0,0.0,0.0,0.0,0.0,0.0,0.0167,0.0,0.0,0.0,0.0,0.0,0.0,0.0,0.0167,0.0,0.0,0.0,0.0,0.0,0.0,0.0,0.0,0.0,0.0
negatives_trained:ok_aren_t,0.0083,0.025,0.0,0.125,0.0,0.0,0.0333,0.0,0.0167,0.0,0.1917,0.0,0.0083,0.0083,0.1,0.0,0.0,0.0,0.0,0.0,0.0,0.0,0.0,0.0,0.0,0.0,0.0583,0.0333,0.0,0.0,0.0,0.0,0.0083,0.0
negatives_trained:ok_aren_t_they,0.0,0.0,0.0,0.1167,0.0,0.0,0.0,0.0,0.0,0.0,0.0833,0.0,0.0,0.0,0.0167,0.0,0.0,0.0,0.0,0.0,0.0,0.0,0.0,0.0,0.0,0.0,0.0,0.0,0.0,0.0,0.0083,0.0,0.0,0.0
negatives_trained:ok_for_a,0.0167,0.0083,0.0,0.0167,0.0,0.0,0.0,0.0,0.0083,0.0,0.0,0.0,0.0,0.0,0.0083,0.0,0.0,0.0,0.0,0.0083,0.0,0.0,0.0,0.0,0.0,0.0,0.0,0.0,0.0,0.0083,0.0,0.0,0.0,0.0
negatives_trained:okay,0.0083,0.0,0.0,0.0,0.0,0.0,0.0,0.0,0.0,0.0,0.0,0.0,0.0,0.0,0.0,0.0,0.0,0.0,0.0,0.0,0.0,0.0,0.0,0.0,0.0,0.0,0.0,0.0,0.0,0.0,0.0,0.0,0.0,0.0
negatives_trained:okay_sure,0.0,0.0,0.0,0.0,0.0,0.0,0.0,0.0083,0.0,0.0083,0.0083,0.0,0.0,0.0,0.0,0.0,0.0,0.0,0.0,0.0,0.0,0.0,0.0,0.0,0.0,0.0,0.0,0.0,0.0,0.0333,0.0,0.0,0.0,0.0
negatives_trained:okay_then,0.0,0.0083,0.0,0.0833,0.0333,0.0,0.0,0.0,0.0,0.0,0.075,0.0,0.0,0.0,0.0,0.0,0.0,0.0,0.0,0.0,0.0,0.0,0.0,0.0,0.0,0.0,0.15,0.0083,0.0,0.0,0.0,0.0,0.0,0.0
negatives_trained:our_ears,0.0167,0.0,0.0,0.0,0.0,0.0,0.0,0.0,0.0,0.0,0.0,0.0083,0.0,0.0,0.0,0.0,0.0,0.0,0.0,0.0,0.0,0.0,0.0,0.0,0.0,0.0,0.0,0.0,0.0,0.0,0.0,0.0,0.0,0.0083
negatives_trained:partly_cloudy,0.0,0.0,0.0,0.0083,0.0,0.0,0.0,0.0667,0.0,0.0,0.0083,0.0,0.0,0.0,0.0083,0.0083,0.0,0.0083,0.0,0.0,0.0,0.0,0.0,0.0,0.0,0.0,0.0,0.0,0.05,0.0,0.0167,0.0,0.0083,0.0167
negatives_trained:pharmacy,0.0,0.0,0.0,0.0,0.0,0.0,0.0,0.0,0.0,0.0,0.0,0.0083,0.0,0.0,0.0,0.0,0.0,0.0,0.0,0.0,0.0,0.0,0.0,0.0,0.0083,0.0,0.0,0.0,0.0,0.0,0.0,0.0,0.0,0.0
negatives_trained:physical_therapy,0.0,0.0,0.0,0.0,0.0,0.0167,0.0,0.0,0.0,0.0083,0.0,0.0,0.0,0.0,0.0,0.0,0.0,0.0,0.0,0.0,0.0167,0.0,0.0,0.0,0.0,0.0,0.0,0.0,0.0,0.0,0.0,0.0,0.0,0.0
negatives_trained:psychic_abilities,0.0083,0.0083,0.0,0.0167,0.0,0.0,0.0,0.0167,0.0,0.0167,0.0,0.0,0.0,0.0,0.0,0.0,0.0,0.0,0.0,0.0,0.0,0.0,0.0,0.0,0.0083,0.0,0.0,0.0,0.0,0.0,0.0,0.0,0.0,0.0
negatives_trained:ria,0.0667,0.0,0.0167,0.0,0.0,0.0,0.0,0.0,0.0,0.0,0.0,0.0,0.0,0.0,0.0,0.0,0.0,0.0,0.0,0.0,0.0083,0.0,0.0167,0.0,0.0083,0.0,0.0,0.0,0.0,0.0083,0.0,0.0,0.0,0.0
negatives_trained:robo,0.0,0.0,0.0,0.0,0.0,0.0,0.0,0.0,0.0,0.0,0.0,0.0,0.0167,0.0,0.0083,0.0,0.0,0.0,0.0,0.0,0.0,0.0,0.0,0.0,0.0,0.0,0.0,0.0,0.0,0.0,0.0,0.0,0.0,0.0
negatives_trained:siri,0.025,0.0833,0.025,0.0,0.0,0.0,0.0,0.0,0.0,0.0,0.0167,0.0667,0.0,0.0,0.0,0.0,0.0,0.0,0.0,0.0,0.0,0.0,0.0167,0.0,0.0,0.0,0.0,0.0,0.0,0.0,0.0,0.0,0.0,0.0
negatives_trained:sorry,0.0,0.0667,0.2083,0.0083,0.0,0.0,0.0,0.0,0.0,0.0,0.0,0.1167,0.0,0.0,0.0,0.0,0.0,0.0,0.0,0.0,0.0,0.0,0.0,0.0,0.0167,0.0,0.0,0.0,0.0,0.0,0.0,0.0,0.0,0.0
negatives_trained:sorry_about_that,0.0083,0.025,0.3333,0.0167,0.0,0.0,0.0,0.0,0.0,0.0,0.0,0.0,0.0,0.0,0.0,0.0,0.0,0.0,0.0,0.0,0.0,0.0,0.0,0.0,0.0083,0.0,0.0,0.0,0.0,0.0,0.0,0.0,0.0,0.0
negatives_trained:talk_to_you_later,0.0,0.0,0.0,0.0,0.0,0.0,0.0083,0.0333,0.0,0.0,0.0083,0.0583,0.0083,0.0,0.0,0.0,0.0,0.0,0.0,0.0,0.0,0.0,0.0,0.0,0.0083,0.0,0.0,0.0,0.0,0.0,0.0,0.0,0.0,0.0
negatives_trained:television,0.0,0.0,0.0,0.0,0.0,0.0,0.0,0.0,0.0,0.0,0.0,0.0,0.0,0.0,0.0,0.0,0.0,0.0,0.0,0.0,0.0,0.0,0.0,0.0,0.0,0.0,0.0,0.0,0.0,0.0,0.0,0.0,0.0,0.0083
negatives_trained:that_area,0.0417,0.125,0.0,0.05,0.0,0.0,0.0,0.0,0.0,0.0,0.0,0.0,0.0,0.0,0.0,0.0,0.0,0.0,0.0,0.0,0.0,0.0,0.0,0.0,0.0,0.0,0.0,0.0,0.0,0.0,0.0,0.0,0.0,0.0
negatives_trained:the_area,0.025,0.0583,0.0,0.075,0.0,0.0,0.0,0.0,0.0,0.0,0.0,0.0,0.0,0.0,0.0,0.0,0.0,0.0,0.0,0.0,0.0,0.0,0.0,0.0,0.0,0.0,0.0,0.0,0.0,0.0,0.0,0.0,0.0,0.0
negatives_trained:the_news,0.0167,0.0,0.0,0.0,0.0,0.0,0.0,0.0,0.0,0.0,0.0,0.0,0.0,0.0167,0.0,0.0167,0.0,0.0,0.0167,0.0,0.0,0.0,0.0,0.0,0.0,0.0,0.0,0.0,0.0,0.0,0.0,0.0,0.0,0.0
negatives_trained:the_remote,0.0,0.0333,0.0,0.0,0.0,0.0,0.0,0.0,0.0,0.0,0.0,0.0,0.0,0.0167,0.0,0.0,0.0,0.0,0.0,0.0,0.0,0.0,0.0083,0.0,0.0083,0.0,0.0,0.0,0.0,0.0,0.0,0.0,0.0,0.0
negatives_trained:the_van,0.0,0.0,0.0,0.0,0.0,0.0,0.0,0.0,0.0,0.0,0.0,0.0333,0.0,0.0,0.0,0.0,0.0,0.0,0.0,0.0,0.0,0.0,0.0,0.0083,0.0083,0.0,0.0,0.0,0.0,0.0,0.0167,0.0,0.0,0.0
negatives_trained:therapy,0.0,0.0,0.0083,0.0,0.0,0.0,0.0,0.0,0.0,0.0,0.0,0.0083,0.0,0.0,0.0,0.0167,0.0,0.0,0.0,0.0,0.0,0.0,0.0,0.0,0.0,0.0,0.0,0.0,0.0083,0.0,0.0,0.0,0.0,0.0417
negatives_trained:ticket_you_bought,0.0,0.0,0.0,0.025,0.0,0.0,0.0,0.0167,0.0,0.0667,0.0333,0.0,0.0,0.0,0.0,0.0,0.0,0.0,0.0,0.0,0.0,0.0,0.0,0.0,0.0167,0.0,0.0,0.0,0.0,0.0083,0.0,0.0,0.0,0.0
negatives_trained:took_a_beer,0.0,0.0,0.0,0.0,0.0,0.0,0.0167,0.0,0.0,0.0,0.0,0.0,0.0,0.0,0.0083,0.0,0.0,0.0,0.0,0.0,0.0,0.0,0.0083,0.0,0.0333,0.0,0.0,0.0,0.0,0.0,0.0,0.0,0.0,0.0
negatives_trained:transportation,0.0083,0.0,0.0,0.0,0.0,0.0,0.0,0.0083,0.0,0.0,0.0,0.0083,0.0,0.0,0.0,0.0,0.0,0.0,0.0,0.0,0.0,0.0,0.0,0.0,0.0,0.0,0.0,0.0,0.0083,0.0,0.0,0.0,0.0083,0.0
negatives_trained:turn_off_the_television,0.0,0.0,0.0,0.0,0.0,0.0,0.0,0.0,0.0,0.0,0.0,0.0,0.0,0.0,0.0,0.0,0.0,0.0,0.0,0.0,0.0,0.0,0.0,0.0,0.0,0.0,0.0,0.0,0.0167,0.0,0.0,0.0,0.0,0.0
negatives_trained:turn_on_the_light,0.0,0.0,0.0167,0.0,0.05,0.0,0.0,0.0,0.0,0.0,0.0,0.0,0.0083,0.025,0.0,0.0,0.0,0.0083,0.0,0.0,0.0,0.0,0.0,0.0,0.0167,0.0,0.0,0.0,0.0,0.0083,0.0,0.0,0.0,0.0
negatives_trained:various,0.0083,0.0,0.0,0.0,0.0,0.0,0.0,0.0,0.0,0.0,0.0,0.0083,0.0,0.0,0.0,0.0,0.0,0.0,0.0,0.0,0.0,0.0,0.0,0.0,0.0167,0.0,0.0,0.0,0.0,0.0,0.0,0.0,0.0,0.0
negatives_trained:very,0.0167,0.05,0.0167,0.0167,0.0,0.0,0.0,0.0,0.0,0.0,0.0,0.0167,0.0,0.0,0.0,0.0,0.0,0.0,0.0,0.0,0.0,0.0,0.0,0.0083,0.0083,0.0,0.0,0.0,0.0,0.0,0.0,0.0,0.0,0.0083
negatives_trained:victoria,0.0167,0.05,0.05,0.0,0.0,0.0,0.0,0.0,0.0,0.0,0.0,0.0083,0.0,0.0,0.0,0.0083,0.0,0.0,0.0,0.0,0.0,0.0,0.0,0.0,0.0,0.0,0.0,0.0,0.0,0.0,0.0083,0.0,0.0,0.0
negatives_trained:volume,0.0,0.0,0.0167,0.0,0.0,0.0,0.0,0.0,0.0,0.0,0.0,0.0167,0.0,0.0,0.0,0.0,0.0,0.0,0.0,0.0,0.0,0.0,0.0,0.0,0.0,0.0,0.0,0.0,0.0,0.0,0.0,0.0,0.0,0.0
negatives_trained:weather,0.0,0.0,0.0,0.0,0.0,0.0,0.0,0.0,0.0,0.0,0.0,0.0,0.0,0.0,0.0,0.0,0.0,0.0,0.0,0.0,0.0,0.0,0.0,0.0,0.0,0.0,0.0,0.0,0.0,0.0,0.0,0.0,0.0,0.0
negatives_trained:wheelchair,0.0,0.0,0.0,0.0,0.0,0.0,0.0083,0.0,0.0,0.0,0.0,0.0,0.0,0.0,0.0083,0.0,0.0,0.0,0.0,0.0,0.0083,0.0,0.0,0.0,0.0,0.0,0.0,0.0,0.0,0.0,0.0,0.0,0.0,0.0
negatives_trained:work_order,0.0,0.0,0.0,0.0,0.0,0.0,0.0,0.0,0.0,0.0083,0.0,0.0,0.0083,0.0,0.0,0.0,0.0,0.0,0.0,0.0,0.0,0.0,0.0,0.0,0.0083,0.0,0.0,0.0,0.0,0.0,0.0,0.0,0.0,0.0
sentences:ari_and_daria_went_to_physical_therapy,0.2833,0.025,0.025,0.0,0.0,0.0,0.0,0.0,0.0,0.0,0.0,0.0,0.0,0.0,0.0083,0.0,0.0,0.0,0.0,0.0,0.0,0.0,0.0,0.0,0.0,0.0,0.0,0.0,0.0,0.0,0.0,0.0,0.0,0.0
sentences:back_after_these_messages__stay_with_us,0.0,0.0,0.0,0.0,0.0,0.0,0.0,0.0,0.0,0.0,0.0,0.0,0.0,0.0,0.0,0.0083,0.0,0.0167,0.0,0.0,0.0,0.0,0.0,0.0,0.0,0.0,0.0,0.0,0.0083,0.0,0.0,0.0,0.0,0.0
sentences:bingo_starts_at_two_in_the_activity_room,0.0,0.0,0.0,0.0,0.0,0.0,0.0,0.0,0.0,0.0,0.0,0.0,0.0,0.0,0.0,0.0,0.0,0.0667,0.0,0.0167,0.0,0.0583,0.0,0.0,0.0,0.0,0.0,0.0,0.0,0.0,0.0,0.0,0.0,0.0
sentences:call_maintenance_about_the_air_conditioner__plea,0.0,0.0,0.0,0.0,0.0,0.0,0.0,0.0333,0.0,0.0,0.0,0.025,0.0,0.0,0.0,0.0,0.0,0.0083,0.0,0.0,0.0,0.0,0.0,0.0,0.0,0.0,0.0,0.0,0.025,0.0,0.0,0.0,0.0,0.0167
sentences:christmas_is_coming__and_krista_bought_extra_lig,0.0,0.0,0.0,0.0,0.0,0.0,0.0,0.0,0.0,0.0,0.0,0.0083,0.0,0.0,0.0083,0.0,0.0,0.0,0.0167,0.0083,0.0917,0.2083,0.0,0.0,0.0,0.0,0.0,0.0,0.0,0.0167,0.0,0.0,0.0,0.0
sentences:clarissa_listened_to_various_songs_on_the_radio,0.0,0.0,0.0083,0.0,0.0,0.0,0.0,0.0,0.0,0.0,0.0,0.0083,0.0,0.0,0.0,0.0,0.0,0.0,0.0,0.0,0.0,0.0,0.0,0.0,0.0,0.0,0.0,0.0,0.0,0.0,0.0,0.0,0.0,0.0
sentences:did_you_take_your_medication_with_breakfast,0.0167,0.0,0.0,0.0,0.0,0.0,0.0,0.0,0.0,0.0,0.0,0.0,0.0,0.0,0.0,0.0,0.0,0.0,0.0,0.0,0.0,0.0,0.0,0.0,0.0,0.0,0.0,0.0,0.025,0.0,0.0,0.0,0.0333,0.0
sentences:hello__who_is_this__i_can_t_hear_you_very_well,0.0083,0.0167,0.0,0.025,0.0,0.0,0.0,0.0,0.0,0.0,0.0,0.0417,0.0,0.0167,0.0,0.0,0.0,0.0333,0.0,0.0,0.0,0.0,0.0,0.0,0.0,0.0,0.0,0.0,0.0083,0.0,0.0,0.0,0.0,0.0
sentences:hey_siri__what_time_is_it,0.0083,0.025,0.0,0.0167,0.0,0.0083,0.0,0.0,0.0,0.0,0.0167,0.0,0.0,0.0,0.0083,0.0,0.0,0.0,0.0,0.0,0.0,0.0,0.0,0.0,0.0,0.0917,0.0,0.0,0.0,0.0,0.0083,0.0,0.0,0.0
sentences:in_tonight_s_news__the_city_council_approved_the,0.0,0.0,0.0,0.0,0.0,0.0,0.0167,0.0,0.0,0.0,0.0,0.0,0.0,0.0,0.0,0.0083,0.0,0.0,0.0,0.0083,0.0,0.0,0.0,0.0,0.0,0.0,0.0,0.0,0.0083,0.0,0.0,0.0,0.0,0.0
sentences:is_this_area_clean_yet__or_should_i_come_back,0.0083,0.025,0.0,0.0083,0.0,0.0,0.0417,0.0,0.0,0.0,0.0,0.0,0.0,0.0,0.0,0.0,0.0,0.0,0.0,0.0,0.0,0.0,0.0,0.0,0.0,0.0,0.0,0.0,0.0,0.0,0.0,0.0,0.0083,0.0
sentences:maria_said_she_would_be_here_at_noon,0.0,0.0,0.0,0.0,0.0,0.0,0.0,0.0,0.0,0.0,0.0,0.0,0.0,0.0,0.0,0.0,0.0,0.0,0.0,0.0,0.0,0.0,0.0,0.0,0.0,0.0,0.0,0.0,0.0,0.0,0.0,0.0,0.0167,0.0
sentences:melissa_and_cassandra_are_on_the_activities_list,0.0,0.0,0.0,0.0,0.0,0.0,0.0,0.0,0.0,0.0,0.0,0.0,0.0,0.0,0.0,0.0,0.0,0.0,0.0,0.0,0.0,0.025,0.0,0.0,0.0,0.0083,0.0,0.0,0.0,0.0,0.0,0.0,0.0,0.0083
sentences:partly_cloudy_skies_today_with_a_high_near_seven,0.0,0.0,0.0,0.0,0.0,0.0,0.0,0.025,0.0,0.0,0.0,0.0,0.0,0.0,0.0083,0.0,0.0,0.0,0.0,0.0,0.0,0.0,0.0,0.0,0.0,0.0,0.0,0.0,0.025,0.0,0.0,0.0,0.0,0.0
sentences:that_was_a_very_good_game_show_tonight,0.0,0.0,0.0,0.0,0.0,0.0,0.0,0.0,0.0,0.0,0.0083,0.0,0.0167,0.0,0.0,0.0,0.0,0.0,0.0,0.0,0.0,0.0,0.0083,0.0,0.0,0.0,0.0,0.0,0.0083,0.0,0.0,0.0,0.0,0.0
sentences:the_caregiver_will_help_you_to_the_bathroom,0.0,0.0,0.0,0.0,0.0,0.0,0.0,0.0167,0.0,0.0167,0.0167,0.0,0.0,0.0,0.0333,0.0,0.0,0.0,0.0,0.0,0.0,0.0,0.0,0.0,0.0,0.0,0.0,0.0417,0.1667,0.0,0.0,0.0,0.05,0.0083
sentences:the_family_visit_is_in_the_common_area_after_lun,0.0,0.0,0.0,0.0,0.0083,0.0,0.0,0.0,0.0,0.0,0.0,0.0,0.0,0.0,0.0,0.0,0.0,0.0,0.0,0.0,0.0,0.0083,0.0,0.0,0.0,0.0,0.0,0.0,0.0,0.0,0.0,0.0,0.0,0.0
sentences:the_van_leaves_for_the_pharmacy_at_two_o_clock,0.0,0.0,0.0,0.0,0.0,0.0,0.0,0.0,0.0,0.0,0.0,0.0,0.0,0.0,0.0,0.0,0.0,0.0,0.0,0.0,0.0,0.0,0.0,0.0,0.0,0.0,0.0,0.0167,0.0,0.0,0.0,0.0,0.0,0.0
sentences:victoria__can_you_turn_the_television_down_a_lit,0.0,0.075,0.0417,0.0417,0.0,0.0,0.0,0.0,0.0083,0.0,0.0,0.0083,0.0083,0.0,0.0,0.0,0.0,0.0,0.0,0.0,0.0,0.0,0.0,0.0,0.0,0.0,0.0,0.0,0.0,0.0,0.0,0.0,0.0,0.0083
sentences:we_have_chicken_casserole_and_apple_pie_for_dinn,0.0167,0.0,0.0,0.0,0.0,0.0,0.0,0.0083,0.0,0.0083,0.0,0.0083,0.0,0.0,0.0,0.0,0.0,0.0,0.0,0.0,0.0,0.0,0.0083,0.025,0.0083,0.0,0.0,0.0,0.0167,0.0,0.0167,0.0,0.0,0.0167
