slug,cutoff,tpr_quiet_room_2m,tpr_tv_on,tpr_all,ambient_false_per_hour,confusion_false_rate
aria,0.2,0.4097,0.1042,0.3819,1.953,0.0381
aria,0.25,0.3889,0.0903,0.3642,1.776,0.034
aria,0.3,0.3542,0.0833,0.3492,1.421,0.0311
aria,0.35,0.3333,0.0764,0.336,1.066,0.0292
aria,0.4,0.3194,0.0694,0.3272,1.066,0.0274
aria,0.45,0.3125,0.0694,0.3191,1.066,0.0258
aria,0.5,0.2917,0.0625,0.3094,0.71,0.0237
aria,0.55,0.2917,0.0625,0.2998,0.71,0.0214
aria,0.6,0.2708,0.0556,0.2867,0.355,0.0198
aria,0.65,0.2569,0.0417,0.2762,0.355,0.0183
aria,0.7,0.2361,0.0417,0.262,0.355,0.0164
aria,0.75,0.2222,0.0278,0.2508,0.178,0.014
aria,0.8,0.1875,0.0278,0.2338,0.178,0.0128
aria,0.85,0.1875,0.0208,0.2103,0.178,0.0109
aria,0.9,0.1806,0.0139,0.1921,0.0,0.009
aria,0.95,0.1458,0.0069,0.1528,0.0,0.006
aria,0.97,0.1042,0.0069,0.1281,0.0,0.0048
aria,0.98,0.1042,0.0069,0.113,0.0,0.0034
aria,0.99,0.0903,0.0,0.0922,0.0,0.0023
hey_aria,0.2,0.6458,0.3611,0.5845,2.131,0.0375
hey_aria,0.25,0.6389,0.3264,0.5721,1.776,0.0348
hey_aria,0.3,0.625,0.3056,0.5621,1.776,0.0329
hey_aria,0.35,0.6042,0.2986,0.5525,1.598,0.0314
hey_aria,0.4,0.6042,0.2986,0.5463,1.421,0.0296
hey_aria,0.45,0.6042,0.2917,0.5417,1.421,0.0282
hey_aria,0.5,0.5972,0.2917,0.5374,1.243,0.0275
hey_aria,0.55,0.5972,0.2708,0.5285,1.066,0.0263
hey_aria,0.6,0.5694,0.2708,0.5181,1.066,0.0248
hey_aria,0.65,0.5625,0.2569,0.5081,1.066,0.0233
hey_aria,0.7,0.5417,0.2431,0.4985,1.066,0.0222
hey_aria,0.75,0.5417,0.2222,0.4931,0.888,0.0206
hey_aria,0.8,0.5139,0.1875,0.4792,0.888,0.0189
hey_aria,0.85,0.5,0.1528,0.4649,0.533,0.0175
hey_aria,0.9,0.4792,0.1389,0.4448,0.355,0.0158
hey_aria,0.95,0.4583,0.1042,0.4171,0.178,0.013
hey_aria,0.97,0.4444,0.0764,0.3974,0.178,0.0111
hey_aria,0.98,0.4306,0.0764,0.38,0.178,0.0096
hey_aria,0.99,0.4097,0.0625,0.3499,0.178,0.0077
zaria,0.2,0.4167,0.1111,0.3846,1.066,0.0124
zaria,0.25,0.3958,0.1042,0.3735,0.888,0.0117
zaria,0.3,0.3889,0.1042,0.3661,0.888,0.0113
zaria,0.35,0.3681,0.0972,0.3534,0.71,0.0105
zaria,0.4,0.3472,0.0903,0.3449,0.533,0.01
zaria,0.45,0.3333,0.0903,0.3364,0.533,0.0094
zaria,0.5,0.3194,0.0903,0.3279,0.533,0.0086
zaria,0.55,0.2986,0.0903,0.3164,0.355,0.0084
zaria,0.6,0.2986,0.0764,0.3094,0.355,0.0078
zaria,0.65,0.2986,0.0694,0.3017,0.178,0.0072
zaria,0.7,0.2986,0.0625,0.2936,0.178,0.0067
zaria,0.75,0.2847,0.0625,0.2828,0.178,0.0064
zaria,0.8,0.2639,0.0625,0.2731,0.178,0.0057
zaria,0.85,0.25,0.0625,0.2585,0.178,0.005
zaria,0.9,0.2431,0.0556,0.2373,0.178,0.0044
zaria,0.95,0.2014,0.0417,0.2095,0.0,0.003
zaria,0.97,0.1806,0.0417,0.191,0.0,0.0026
zaria,0.98,0.1597,0.0347,0.179,0.0,0.0022
zaria,0.99,0.125,0.0347,0.1593,0.0,0.0019
okay_aria,0.2,0.5764,0.2986,0.5378,1.066,0.019
okay_aria,0.25,0.5625,0.2778,0.527,1.066,0.0176
okay_aria,0.3,0.5556,0.2708,0.5201,1.066,0.0163
okay_aria,0.35,0.5208,0.2708,0.5089,1.066,0.0152
okay_aria,0.4,0.5069,0.2639,0.5,1.066,0.0141
okay_aria,0.45,0.5069,0.2431,0.4927,0.71,0.0134
okay_aria,0.5,0.5069,0.2431,0.4826,0.71,0.0126
okay_aria,0.55,0.5069,0.2361,0.4757,0.533,0.0116
okay_aria,0.6,0.5,0.2361,0.4695,0.533,0.0112
okay_aria,0.65,0.4931,0.2361,0.4633,0.533,0.0102
okay_aria,0.7,0.4861,0.2361,0.4556,0.533,0.0096
okay_aria,0.75,0.4792,0.2361,0.4483,0.533,0.009
okay_aria,0.8,0.4722,0.2292,0.4387,0.533,0.0082
okay_aria,0.85,0.4653,0.2222,0.4275,0.533,0.0071
okay_aria,0.9,0.4167,0.2014,0.4062,0.355,0.0059
okay_aria,0.95,0.3542,0.1875,0.3804,0.355,0.0041
okay_aria,0.97,0.3264,0.1736,0.3634,0.355,0.003
okay_aria,0.98,0.3194,0.1736,0.3526,0.355,0.0028
okay_aria,0.99,0.2986,0.1389,0.3333,0.178,0.0026
kolabamo,0.2,0.8194,0.4097,0.7261,8.879,0.0227
kolabamo,0.25,0.8125,0.3889,0.7168,7.814,0.0212
kolabamo,0.3,0.8125,0.3611,0.7056,6.748,0.0199
kolabamo,0.35,0.7917,0.3472,0.6975,6.038,0.019
kolabamo,0.4,0.7778,0.3264,0.686,6.038,0.0178
kolabamo,0.45,0.7639,0.2847,0.6775,5.505,0.0165
kolabamo,0.5,0.7569,0.2708,0.6713,5.328,0.0149
kolabamo,0.55,0.7222,0.2639,0.6578,4.617,0.0139
kolabamo,0.6,0.7014,0.25,0.6447,4.262,0.0132
kolabamo,0.65,0.6736,0.2431,0.6304,4.085,0.0124
kolabamo,0.7,0.6736,0.2222,0.6169,3.729,0.0116
kolabamo,0.75,0.6528,0.2014,0.6049,3.197,0.0102
kolabamo,0.8,0.625,0.1875,0.586,2.841,0.0091
kolabamo,0.85,0.6042,0.1806,0.5737,2.486,0.0076
kolabamo,0.9,0.5833,0.1458,0.5463,2.131,0.0063
kolabamo,0.95,0.5278,0.1181,0.5104,1.953,0.0046
kolabamo,0.97,0.5,0.1181,0.483,1.598,0.0037
kolabamo,0.98,0.4931,0.1111,0.466,1.243,0.0031
kolabamo,0.99,0.4583,0.0903,0.4356,1.243,0.0024
hey_kolabamo,0.2,0.9306,0.6181,0.8144,3.729,0.0086
hey_kolabamo,0.25,0.9236,0.6181,0.8113,3.729,0.0079
hey_kolabamo,0.3,0.9167,0.6042,0.8056,3.552,0.0072
hey_kolabamo,0.35,0.9167,0.5972,0.8021,3.374,0.0068
hey_kolabamo,0.4,0.9097,0.5833,0.7982,3.019,0.0065
hey_kolabamo,0.45,0.9028,0.5764,0.7963,3.019,0.0063
hey_kolabamo,0.5,0.8958,0.5764,0.7917,3.019,0.0061
hey_kolabamo,0.55,0.8958,0.5694,0.7894,2.486,0.0056
hey_kolabamo,0.6,0.8958,0.5625,0.7859,2.486,0.0053
hey_kolabamo,0.65,0.8958,0.5556,0.7832,1.598,0.0048
hey_kolabamo,0.7,0.8958,0.5486,0.7801,1.421,0.0046
hey_kolabamo,0.75,0.8958,0.5208,0.7751,1.243,0.0045
hey_kolabamo,0.8,0.8958,0.5208,0.7693,1.066,0.0041
hey_kolabamo,0.85,0.8958,0.5139,0.7604,1.066,0.0035
hey_kolabamo,0.9,0.8819,0.5069,0.7512,0.888,0.0032
hey_kolabamo,0.95,0.875,0.4861,0.74,0.71,0.0025
hey_kolabamo,0.97,0.8542,0.4722,0.7296,0.71,0.0023
hey_kolabamo,0.98,0.8542,0.4722,0.7234,0.533,0.0021
hey_kolabamo,0.99,0.8403,0.4583,0.7103,0.533,0.0017
kotrubo,0.2,0.7847,0.4236,0.679,16.161,0.0104
kotrubo,0.25,0.7847,0.4167,0.6686,14.917,0.0094
kotrubo,0.3,0.7778,0.4028,0.662,14.207,0.0084
kotrubo,0.35,0.75,0.375,0.6501,13.497,0.0079
kotrubo,0.4,0.7292,0.375,0.64,12.609,0.0073
kotrubo,0.45,0.7222,0.3681,0.6319,11.721,0.0066
kotrubo,0.5,0.7153,0.3472,0.6242,11.01,0.0063
kotrubo,0.55,0.7083,0.3264,0.6169,10.123,0.0058
kotrubo,0.6,0.7014,0.3056,0.6103,9.235,0.0053
kotrubo,0.65,0.7014,0.2917,0.603,8.524,0.0048
kotrubo,0.7,0.6597,0.2778,0.5907,7.814,0.0044
kotrubo,0.75,0.6319,0.2708,0.5791,6.571,0.0041
kotrubo,0.8,0.6181,0.2569,0.5683,6.216,0.0037
kotrubo,0.85,0.6042,0.2361,0.5525,5.505,0.003
kotrubo,0.9,0.5833,0.2361,0.5332,4.44,0.0024
kotrubo,0.95,0.5625,0.2014,0.5046,3.197,0.0016
kotrubo,0.97,0.5556,0.1806,0.4834,3.019,0.0014
kotrubo,0.98,0.5278,0.1806,0.4703,2.486,0.0012
kotrubo,0.99,0.4792,0.1458,0.4491,1.953,0.0009
hello_kotrubo,0.2,0.9653,0.6875,0.8873,17.581,0.0181
hello_kotrubo,0.25,0.9583,0.6806,0.8808,16.693,0.0159
hello_kotrubo,0.3,0.9583,0.6667,0.8765,14.917,0.0144
hello_kotrubo,0.35,0.9514,0.6319,0.8684,13.852,0.0136
hello_kotrubo,0.4,0.9375,0.625,0.8619,12.254,0.013
hello_kotrubo,0.45,0.9375,0.625,0.8584,10.655,0.0123
hello_kotrubo,0.5,0.9306,0.6111,0.8538,9.945,0.0117
hello_kotrubo,0.55,0.9306,0.6111,0.8511,9.59,0.011
hello_kotrubo,0.6,0.9306,0.6042,0.8476,8.879,0.0102
hello_kotrubo,0.65,0.9167,0.5833,0.8407,7.636,0.0093
hello_kotrubo,0.7,0.9097,0.5833,0.8356,6.393,0.0083
hello_kotrubo,0.75,0.9028,0.5833,0.8299,5.86,0.0079
hello_kotrubo,0.8,0.8958,0.5556,0.8198,4.972,0.0071
hello_kotrubo,0.85,0.8958,0.5417,0.8113,4.085,0.0061
hello_kotrubo,0.9,0.8889,0.5208,0.799,3.197,0.005
hello_kotrubo,0.95,0.8681,0.4514,0.7728,2.309,0.0036
hello_kotrubo,0.97,0.8472,0.4097,0.755,1.776,0.0028
hello_kotrubo,0.98,0.8056,0.375,0.7377,1.243,0.0025
hello_kotrubo,0.99,0.7847,0.3542,0.7106,1.066,0.0019
kookaburra,0.2,0.75,0.3056,0.6076,3.552,0.0135
kookaburra,0.25,0.7222,0.3056,0.5914,3.019,0.0121
kookaburra,0.3,0.7014,0.2847,0.5787,2.664,0.0105
kookaburra,0.35,0.6736,0.2708,0.5675,2.486,0.0095
kookaburra,0.4,0.6597,0.2569,0.5544,2.486,0.0084
kookaburra,0.45,0.6458,0.2361,0.5401,2.309,0.0077
kookaburra,0.5,0.6111,0.2292,0.5312,1.953,0.007
kookaburra,0.55,0.5903,0.2222,0.5201,1.776,0.0063
kookaburra,0.6,0.5764,0.2083,0.5077,1.598,0.0058
kookaburra,0.65,0.5694,0.2014,0.4985,1.243,0.005
kookaburra,0.7,0.5556,0.1944,0.4853,0.888,0.0046
kookaburra,0.75,0.5486,0.1875,0.473,0.888,0.0038
kookaburra,0.8,0.5278,0.1667,0.4525,0.888,0.0034
kookaburra,0.85,0.5,0.1667,0.429,0.888,0.003
kookaburra,0.9,0.4792,0.1597,0.4043,0.71,0.0025
kookaburra,0.95,0.4444,0.1458,0.3657,0.533,0.0022
kookaburra,0.97,0.4236,0.1389,0.3372,0.355,0.0016
kookaburra,0.98,0.3889,0.125,0.3198,0.355,0.0014
kookaburra,0.99,0.375,0.1042,0.2936,0.178,0.001
hey_kookaburra,0.2,0.9375,0.7639,0.8673,13.674,0.017
hey_kookaburra,0.25,0.9306,0.7569,0.8627,12.076,0.0155
hey_kookaburra,0.3,0.9306,0.7431,0.8584,10.478,0.014
hey_kookaburra,0.35,0.9306,0.7361,0.853,9.59,0.0127
hey_kookaburra,0.4,0.9306,0.7292,0.8511,7.991,0.0116
hey_kookaburra,0.45,0.9306,0.7083,0.8457,7.636,0.0109
hey_kookaburra,0.5,0.9306,0.7083,0.8422,7.281,0.0102
hey_kookaburra,0.55,0.9306,0.6875,0.8372,6.393,0.0096
hey_kookaburra,0.6,0.9306,0.6875,0.8353,6.038,0.009
hey_kookaburra,0.65,0.9236,0.6875,0.8302,4.795,0.0084
hey_kookaburra,0.7,0.9236,0.6667,0.8252,3.907,0.0078
hey_kookaburra,0.75,0.9236,0.6597,0.8179,3.019,0.0067
hey_kookaburra,0.8,0.9167,0.6458,0.8079,2.309,0.0056
hey_kookaburra,0.85,0.9028,0.6389,0.8017,1.953,0.005
hey_kookaburra,0.9,0.9028,0.6111,0.794,1.243,0.0044
hey_kookaburra,0.95,0.8958,0.5764,0.7809,0.71,0.0034
hey_kookaburra,0.97,0.8889,0.5347,0.7701,0.71,0.0027
hey_kookaburra,0.98,0.8889,0.5208,0.7639,0.71,0.0022
hey_kookaburra,0.99,0.875,0.5069,0.7504,0.355,0.0016
okay_velora_veh_lor_uh,0.2,0.7708,0.4028,0.6682,4.972,0.0134
okay_velora_veh_lor_uh,0.25,0.7569,0.3958,0.6601,4.617,0.0124
okay_velora_veh_lor_uh,0.3,0.7431,0.3889,0.6532,4.44,0.0115
okay_velora_veh_lor_uh,0.35,0.7361,0.375,0.6431,4.262,0.0108
okay_velora_veh_lor_uh,0.4,0.7292,0.3681,0.635,3.907,0.0104
okay_velora_veh_lor_uh,0.45,0.7153,0.3681,0.63,3.197,0.0098
okay_velora_veh_lor_uh,0.5,0.7014,0.3472,0.6223,2.664,0.009
okay_velora_veh_lor_uh,0.55,0.6806,0.3333,0.6165,2.131,0.0085
okay_velora_veh_lor_uh,0.6,0.6806,0.3333,0.6115,1.776,0.008
okay_velora_veh_lor_uh,0.65,0.6736,0.3194,0.6011,1.776,0.0076
okay_velora_veh_lor_uh,0.7,0.6667,0.3194,0.5907,1.598,0.0069
okay_velora_veh_lor_uh,0.75,0.6528,0.2986,0.5849,1.598,0.0065
okay_velora_veh_lor_uh,0.8,0.6528,0.2986,0.5779,1.421,0.006
okay_velora_veh_lor_uh,0.85,0.625,0.2778,0.5644,0.888,0.0052
okay_velora_veh_lor_uh,0.9,0.6181,0.2639,0.5475,0.355,0.0049
okay_velora_veh_lor_uh,0.95,0.6111,0.2222,0.5282,0.178,0.0038
okay_velora_veh_lor_uh,0.97,0.6111,0.2014,0.5143,0.0,0.0032
okay_velora_veh_lor_uh,0.98,0.5972,0.1944,0.5019,0.0,0.0029
okay_velora_veh_lor_uh,0.99,0.5903,0.1875,0.4842,0.0,0.0022
velora_veh_lor_uh,0.2,0.5278,0.3056,0.5826,10.833,0.0796
velora_veh_lor_uh,0.25,0.5208,0.2986,0.5664,10.123,0.0725
velora_veh_lor_uh,0.3,0.5139,0.2708,0.5575,8.879,0.0669
velora_veh_lor_uh,0.35,0.5139,0.2708,0.5509,7.814,0.063
velora_veh_lor_uh,0.4,0.5069,0.2639,0.5417,6.748,0.0589
velora_veh_lor_uh,0.45,0.4931,0.2431,0.532,6.393,0.0538
velora_veh_lor_uh,0.5,0.4931,0.2431,0.5258,6.038,0.0502
velora_veh_lor_uh,0.55,0.4722,0.2222,0.5147,5.15,0.0463
velora_veh_lor_uh,0.6,0.4514,0.2153,0.5004,4.617,0.0434
velora_veh_lor_uh,0.65,0.4375,0.2083,0.4892,4.617,0.0403
velora_veh_lor_uh,0.7,0.4375,0.2083,0.4799,4.262,0.0372
velora_veh_lor_uh,0.75,0.4167,0.1944,0.466,3.907,0.0344
velora_veh_lor_uh,0.8,0.4097,0.1736,0.4498,3.374,0.0317
velora_veh_lor_uh,0.85,0.3958,0.1736,0.4356,2.486,0.0281
velora_veh_lor_uh,0.9,0.3889,0.1528,0.4201,2.309,0.0239
velora_veh_lor_uh,0.95,0.3403,0.125,0.3819,1.776,0.0191
velora_veh_lor_uh,0.97,0.3264,0.1111,0.3627,1.776,0.0164
velora_veh_lor_uh,0.98,0.3264,0.0903,0.3445,1.598,0.0147
velora_veh_lor_uh,0.99,0.2986,0.0833,0.3187,1.243,0.0121
hello_pomona,0.2,0.3403,0.0833,0.3133,2.309,0.0057
hello_pomona,0.25,0.3333,0.0764,0.3021,1.953,0.0053
hello_pomona,0.3,0.3264,0.0694,0.2878,1.421,0.0048
hello_pomona,0.35,0.3264,0.0625,0.2789,1.066,0.0045
hello_pomona,0.4,0.3194,0.0486,0.2693,0.888,0.0041
hello_pomona,0.45,0.3194,0.0486,0.2596,0.533,0.0039
hello_pomona,0.5,0.2778,0.0417,0.2473,0.355,0.0033
hello_pomona,0.55,0.2431,0.0417,0.2373,0.355,0.003
hello_pomona,0.6,0.2361,0.0347,0.2307,0.355,0.0027
hello_pomona,0.65,0.2153,0.0347,0.218,0.355,0.0023
hello_pomona,0.7,0.1944,0.0347,0.2087,0.178,0.002
hello_pomona,0.75,0.1806,0.0278,0.1921,0.178,0.0017
hello_pomona,0.8,0.1736,0.0278,0.1817,0.178,0.0014
hello_pomona,0.85,0.1528,0.0139,0.1674,0.178,0.0013
hello_pomona,0.9,0.1458,0.0139,0.1539,0.178,0.0011
hello_pomona,0.95,0.1042,0.0139,0.1277,0.178,0.0007
hello_pomona,0.97,0.0764,0.0069,0.113,0.178,0.0005
hello_pomona,0.98,0.0764,0.0069,0.0984,0.178,0.0003
hello_pomona,0.99,0.0486,0.0069,0.0806,0.178,0.0002
pomona,0.2,0.6597,0.3819,0.664,13.674,0.058
pomona,0.25,0.6389,0.3542,0.6435,12.076,0.0516
pomona,0.3,0.6111,0.3403,0.6289,10.833,0.0465
pomona,0.35,0.5903,0.3125,0.613,9.59,0.0414
pomona,0.4,0.5625,0.3056,0.598,9.235,0.038
pomona,0.45,0.5556,0.2917,0.5837,8.524,0.0343
pomona,0.5,0.5208,0.2778,0.5706,7.814,0.0312
pomona,0.55,0.5139,0.2708,0.5583,6.571,0.0277
pomona,0.6,0.4514,0.2639,0.539,5.86,0.0244
pomona,0.65,0.4444,0.2639,0.5224,5.505,0.0219
pomona,0.7,0.4375,0.2153,0.5066,5.328,0.0193
pomona,0.75,0.4236,0.1944,0.4907,4.972,0.0168
pomona,0.8,0.3819,0.1736,0.4749,4.44,0.0145
pomona,0.85,0.375,0.1667,0.4475,3.019,0.0119
pomona,0.9,0.3472,0.1458,0.4186,2.309,0.0094
pomona,0.95,0.2639,0.0972,0.3646,1.598,0.0063
pomona,0.97,0.2361,0.0833,0.3314,1.421,0.0049
pomona,0.98,0.1944,0.0694,0.3075,1.421,0.0043
pomona,0.99,0.1736,0.0556,0.2701,1.243,0.0032
okay_lumaro,0.2,0.7431,0.4931,0.7164,13.142,0.0244
okay_lumaro,0.25,0.7292,0.4931,0.7045,10.123,0.0224
okay_lumaro,0.3,0.7222,0.4792,0.6975,9.412,0.0207
okay_lumaro,0.35,0.7083,0.4722,0.6894,8.524,0.0192
okay_lumaro,0.4,0.7083,0.4653,0.6829,8.347,0.0177
okay_lumaro,0.45,0.7014,0.4583,0.6763,8.169,0.0167
okay_lumaro,0.5,0.6875,0.4514,0.669,7.636,0.0158
okay_lumaro,0.55,0.6667,0.4236,0.6601,7.281,0.0151
okay_lumaro,0.6,0.6528,0.4236,0.6497,6.571,0.0142
okay_lumaro,0.65,0.6458,0.4167,0.6416,6.038,0.0133
okay_lumaro,0.7,0.6389,0.4028,0.6304,5.328,0.0122
okay_lumaro,0.75,0.6319,0.3958,0.6192,4.972,0.0111
okay_lumaro,0.8,0.6181,0.3819,0.6096,4.262,0.01
okay_lumaro,0.85,0.5903,0.3542,0.5914,3.374,0.0088
okay_lumaro,0.9,0.5764,0.3333,0.5741,2.664,0.0072
okay_lumaro,0.95,0.5625,0.3194,0.5505,2.131,0.0051
okay_lumaro,0.97,0.5486,0.3125,0.5378,1.421,0.0044
okay_lumaro,0.98,0.5278,0.2986,0.5247,1.243,0.0038
okay_lumaro,0.99,0.4931,0.2778,0.5,1.243,0.003
callista_kuh_liss_tuh,0.2,0.2917,0.2292,0.3681,25.218,0.0264
callista_kuh_liss_tuh,0.25,0.2917,0.2153,0.3538,23.264,0.0235
callista_kuh_liss_tuh,0.3,0.2569,0.1875,0.3383,20.423,0.0217
callista_kuh_liss_tuh,0.35,0.25,0.1736,0.3283,18.114,0.0188
callista_kuh_liss_tuh,0.4,0.2361,0.1667,0.316,16.693,0.0172
callista_kuh_liss_tuh,0.45,0.2153,0.1597,0.3032,15.628,0.0154
callista_kuh_liss_tuh,0.5,0.2014,0.1458,0.2948,14.029,0.0141
callista_kuh_liss_tuh,0.55,0.2014,0.1458,0.2836,11.898,0.013
callista_kuh_liss_tuh,0.6,0.1944,0.1389,0.2712,10.478,0.0115
callista_kuh_liss_tuh,0.65,0.1806,0.125,0.2581,9.59,0.0103
callista_kuh_liss_tuh,0.7,0.1806,0.1181,0.2481,8.702,0.0096
callista_kuh_liss_tuh,0.75,0.1736,0.1181,0.2357,7.991,0.0086
callista_kuh_liss_tuh,0.8,0.1597,0.0972,0.218,6.748,0.0076
callista_kuh_liss_tuh,0.85,0.1597,0.0903,0.2025,6.038,0.0063
callista_kuh_liss_tuh,0.9,0.1389,0.0833,0.1829,4.795,0.0051
callista_kuh_liss_tuh,0.95,0.0972,0.0625,0.1555,3.374,0.004
callista_kuh_liss_tuh,0.97,0.0764,0.0486,0.1416,2.664,0.0034
callista_kuh_liss_tuh,0.98,0.0694,0.0486,0.1285,1.953,0.0029
callista_kuh_liss_tuh,0.99,0.0486,0.0417,0.11,1.421,0.0025
callista_call_iss_tuh,0.2,0.2639,0.125,0.2836,6.216,0.0066
callista_call_iss_tuh,0.25,0.2639,0.1181,0.2731,6.038,0.0055
callista_call_iss_tuh,0.3,0.2431,0.1042,0.2623,5.683,0.0048
callista_call_iss_tuh,0.35,0.2153,0.0972,0.2515,5.505,0.0042
callista_call_iss_tuh,0.4,0.2014,0.0972,0.2434,5.328,0.0041
callista_call_iss_tuh,0.45,0.2014,0.0972,0.2373,4.795,0.0038
callista_call_iss_tuh,0.5,0.2014,0.0972,0.2346,4.617,0.003
callista_call_iss_tuh,0.55,0.1944,0.0972,0.2272,4.262,0.0027
callista_call_iss_tuh,0.6,0.1875,0.0903,0.2199,3.374,0.0025
callista_call_iss_tuh,0.65,0.1806,0.0903,0.2122,3.197,0.0021
callista_call_iss_tuh,0.7,0.1806,0.0764,0.2064,3.019,0.0019
callista_call_iss_tuh,0.75,0.1597,0.0694,0.1979,2.841,0.0016
callista_call_iss_tuh,0.8,0.1458,0.0694,0.1883,2.486,0.0014
callista_call_iss_tuh,0.85,0.1389,0.0625,0.1759,2.309,0.0013
callista_call_iss_tuh,0.9,0.1389,0.0486,0.164,1.598,0.0011
callista_call_iss_tuh,0.95,0.1181,0.0347,0.1389,1.066,0.0008
callista_call_iss_tuh,0.97,0.1042,0.0347,0.1254,1.066,0.0005
callista_call_iss_tuh,0.98,0.1042,0.0347,0.115,0.888,0.0004
callista_call_iss_tuh,0.99,0.1042,0.0208,0.1026,0.888,0.0003
hey_callista_kuh_liss_tuh,0.2,0.8611,0.6458,0.7681,9.767,0.0169
hey_callista_kuh_liss_tuh,0.25,0.8542,0.6319,0.7612,8.879,0.0152
hey_callista_kuh_liss_tuh,0.3,0.8542,0.6181,0.7496,7.991,0.014
hey_callista_kuh_liss_tuh,0.35,0.8472,0.6111,0.7415,7.636,0.0128
hey_callista_kuh_liss_tuh,0.4,0.8472,0.5972,0.7326,6.748,0.0118
hey_callista_kuh_liss_tuh,0.45,0.8333,0.5972,0.7253,6.571,0.0111
hey_callista_kuh_liss_tuh,0.5,0.8333,0.5764,0.7203,6.393,0.0104
hey_callista_kuh_liss_tuh,0.55,0.8194,0.5694,0.7133,5.86,0.0093
hey_callista_kuh_liss_tuh,0.6,0.8125,0.5625,0.7064,4.972,0.0085
hey_callista_kuh_liss_tuh,0.65,0.8125,0.5625,0.6998,4.44,0.0079
hey_callista_kuh_liss_tuh,0.7,0.8125,0.5556,0.6941,3.729,0.0073
hey_callista_kuh_liss_tuh,0.75,0.8125,0.5486,0.6863,2.841,0.0065
hey_callista_kuh_liss_tuh,0.8,0.8056,0.5486,0.6767,2.486,0.0058
hey_callista_kuh_liss_tuh,0.85,0.7917,0.5347,0.6651,2.309,0.0052
hey_callista_kuh_liss_tuh,0.9,0.7708,0.5208,0.6481,1.776,0.0047
hey_callista_kuh_liss_tuh,0.95,0.7361,0.4583,0.62,1.243,0.0037
hey_callista_kuh_liss_tuh,0.97,0.7014,0.4306,0.5976,0.71,0.003
hey_callista_kuh_liss_tuh,0.98,0.6806,0.4236,0.5802,0.355,0.0023
hey_callista_kuh_liss_tuh,0.99,0.6458,0.3611,0.5517,0.178,0.0019
kestra_kess_truh,0.2,0.5625,0.3819,0.5907,7.814,0.0074
kestra_kess_truh,0.25,0.5417,0.3611,0.5764,6.571,0.0067
kestra_kess_truh,0.3,0.4931,0.3611,0.5621,5.683,0.0058
kestra_kess_truh,0.35,0.4931,0.3403,0.5529,4.972,0.0053
kestra_kess_truh,0.4,0.4861,0.3125,0.5417,4.617,0.0049
kestra_kess_truh,0.45,0.4722,0.3056,0.532,4.617,0.0045
kestra_kess_truh,0.5,0.4514,0.2778,0.5174,3.907,0.0042
kestra_kess_truh,0.55,0.4375,0.2639,0.5019,3.552,0.0039
kestra_kess_truh,0.6,0.4236,0.25,0.4915,3.197,0.0037
kestra_kess_truh,0.65,0.4097,0.2361,0.4722,3.197,0.0035
kestra_kess_truh,0.7,0.3819,0.2292,0.4583,2.664,0.0033
kestra_kess_truh,0.75,0.375,0.2083,0.4437,2.486,0.0031
kestra_kess_truh,0.8,0.3333,0.1875,0.4244,2.131,0.0027
kestra_kess_truh,0.85,0.2917,0.1736,0.3985,1.776,0.0025
kestra_kess_truh,0.9,0.2847,0.1667,0.3773,1.421,0.002
kestra_kess_truh,0.95,0.25,0.1389,0.3441,1.243,0.0018
kestra_kess_truh,0.97,0.2361,0.125,0.326,1.066,0.0017
kestra_kess_truh,0.98,0.2292,0.1181,0.3075,1.066,0.0015
kestra_kess_truh,0.99,0.2083,0.1042,0.2755,1.066,0.0013
hey_kestra_kess_truh,0.2,0.7569,0.4583,0.6883,16.871,0.0083
hey_kestra_kess_truh,0.25,0.7569,0.4375,0.6775,15.628,0.0073
hey_kestra_kess_truh,0.3,0.7431,0.4236,0.6694,13.319,0.0065
hey_kestra_kess_truh,0.35,0.7292,0.4028,0.6593,11.721,0.0057
hey_kestra_kess_truh,0.4,0.7153,0.3819,0.6505,11.366,0.0053
hey_kestra_kess_truh,0.45,0.7083,0.375,0.6435,10.478,0.0046
hey_kestra_kess_truh,0.5,0.7014,0.3611,0.6327,9.767,0.0041
hey_kestra_kess_truh,0.55,0.6875,0.3611,0.6235,9.235,0.0034
hey_kestra_kess_truh,0.6,0.6875,0.3472,0.6146,8.347,0.0029
hey_kestra_kess_truh,0.65,0.6736,0.3403,0.6046,6.571,0.0027
hey_kestra_kess_truh,0.7,0.6597,0.3333,0.5976,6.216,0.0022
hey_kestra_kess_truh,0.75,0.6528,0.3264,0.5903,5.328,0.0021
hey_kestra_kess_truh,0.8,0.6319,0.2986,0.5752,4.972,0.0016
hey_kestra_kess_truh,0.85,0.6111,0.2708,0.5594,4.262,0.0016
hey_kestra_kess_truh,0.9,0.5833,0.25,0.5386,3.729,0.0012
hey_kestra_kess_truh,0.95,0.5417,0.2153,0.5046,2.841,0.0008
hey_kestra_kess_truh,0.97,0.5208,0.2014,0.4869,2.486,0.0007
hey_kestra_kess_truh,0.98,0.5069,0.1875,0.4707,2.309,0.0006
hey_kestra_kess_truh,0.99,0.4722,0.1806,0.4402,1.776,0.0005
krysta_kriss_tuh,0.2,0.6528,0.5278,0.6022,16.871,0.0331
krysta_kriss_tuh,0.25,0.625,0.4792,0.5756,15.273,0.0306
krysta_kriss_tuh,0.3,0.6111,0.4514,0.5594,14.385,0.0277
krysta_kriss_tuh,0.35,0.5903,0.4306,0.5428,12.786,0.0261
krysta_kriss_tuh,0.4,0.5833,0.4236,0.527,12.431,0.0242
krysta_kriss_tuh,0.45,0.5694,0.4167,0.5112,11.898,0.0225
krysta_kriss_tuh,0.5,0.5278,0.4028,0.495,11.188,0.0208
krysta_kriss_tuh,0.55,0.5,0.3958,0.4772,10.123,0.0191
krysta_kriss_tuh,0.6,0.4722,0.375,0.4614,9.59,0.0177
krysta_kriss_tuh,0.65,0.4722,0.3542,0.4441,9.057,0.0163
krysta_kriss_tuh,0.7,0.4514,0.3472,0.4298,7.459,0.0149
krysta_kriss_tuh,0.75,0.4375,0.3264,0.4078,6.926,0.0138
krysta_kriss_tuh,0.8,0.4028,0.2986,0.3877,5.683,0.0124
krysta_kriss_tuh,0.85,0.3958,0.2778,0.3634,4.262,0.0109
krysta_kriss_tuh,0.9,0.3542,0.2153,0.3337,3.197,0.0093
krysta_kriss_tuh,0.95,0.3125,0.1736,0.2886,2.486,0.0072
krysta_kriss_tuh,0.97,0.2917,0.1597,0.2623,2.131,0.0059
krysta_kriss_tuh,0.98,0.2569,0.1458,0.2415,1.776,0.0053
krysta_kriss_tuh,0.99,0.1944,0.1181,0.2083,1.421,0.0041
hey_krysta_kriss_tuh,0.2,0.9028,0.6736,0.8214,10.3,0.007
hey_krysta_kriss_tuh,0.25,0.9028,0.6667,0.8171,9.59,0.0066
hey_krysta_kriss_tuh,0.3,0.9028,0.6667,0.8129,9.235,0.006
hey_krysta_kriss_tuh,0.35,0.9028,0.6597,0.8071,8.347,0.0057
hey_krysta_kriss_tuh,0.4,0.9028,0.6597,0.8005,7.991,0.0056
hey_krysta_kriss_tuh,0.45,0.8958,0.6528,0.7955,7.281,0.0052
hey_krysta_kriss_tuh,0.5,0.8889,0.6458,0.7913,6.571,0.005
hey_krysta_kriss_tuh,0.55,0.8889,0.6458,0.7859,5.86,0.0046
hey_krysta_kriss_tuh,0.6,0.8889,0.625,0.7805,5.505,0.0045
hey_krysta_kriss_tuh,0.65,0.8889,0.6111,0.7743,4.617,0.0044
hey_krysta_kriss_tuh,0.7,0.8819,0.5903,0.7685,3.552,0.0041
hey_krysta_kriss_tuh,0.75,0.8819,0.5833,0.7608,3.374,0.0038
hey_krysta_kriss_tuh,0.8,0.875,0.5694,0.7531,3.019,0.0035
hey_krysta_kriss_tuh,0.85,0.875,0.5556,0.7392,3.019,0.0032
hey_krysta_kriss_tuh,0.9,0.8472,0.5417,0.7195,2.664,0.0029
hey_krysta_kriss_tuh,0.95,0.8125,0.4722,0.6937,2.309,0.0027
hey_krysta_kriss_tuh,0.97,0.7917,0.4375,0.6713,1.776,0.0023
hey_krysta_kriss_tuh,0.98,0.7778,0.4097,0.657,1.243,0.0021
hey_krysta_kriss_tuh,0.99,0.7639,0.3819,0.635,0.888,0.0019
sivia_siv_ee_uh,0.2,0.3542,0.1736,0.3765,3.907,0.006
sivia_siv_ee_uh,0.25,0.3333,0.1458,0.3627,3.729,0.0051
sivia_siv_ee_uh,0.3,0.3194,0.1389,0.3492,2.664,0.0045
sivia_siv_ee_uh,0.35,0.2917,0.1389,0.3368,2.664,0.0038
sivia_siv_ee_uh,0.4,0.2778,0.1389,0.3299,2.486,0.0032
sivia_siv_ee_uh,0.45,0.2708,0.1319,0.3225,2.486,0.0027
sivia_siv_ee_uh,0.5,0.2708,0.125,0.316,2.131,0.0026
sivia_siv_ee_uh,0.55,0.2639,0.1111,0.3071,1.953,0.0023
sivia_siv_ee_uh,0.6,0.25,0.1042,0.3005,1.776,0.0019
sivia_siv_ee_uh,0.65,0.2361,0.0972,0.2932,1.776,0.0017
sivia_siv_ee_uh,0.7,0.2222,0.0833,0.2832,1.776,0.0016
sivia_siv_ee_uh,0.75,0.2083,0.0833,0.2747,1.421,0.0013
sivia_siv_ee_uh,0.8,0.2083,0.0833,0.265,1.066,0.0012
sivia_siv_ee_uh,0.85,0.1944,0.0833,0.2535,0.71,0.001
sivia_siv_ee_uh,0.9,0.1806,0.0764,0.2384,0.533,0.0009
sivia_siv_ee_uh,0.95,0.1528,0.0694,0.2106,0.533,0.0008
sivia_siv_ee_uh,0.97,0.125,0.0486,0.1921,0.355,0.0007
sivia_siv_ee_uh,0.98,0.1111,0.0486,0.1798,0.0,0.0006
sivia_siv_ee_uh,0.99,0.0903,0.0278,0.157,0.0,0.0005
hey_sivia_siv_ee_uh,0.2,0.7014,0.4514,0.6663,13.852,0.0167
hey_sivia_siv_ee_uh,0.25,0.6875,0.4444,0.657,11.188,0.015
hey_sivia_siv_ee_uh,0.3,0.6736,0.4236,0.6431,9.767,0.0135
hey_sivia_siv_ee_uh,0.35,0.6597,0.3958,0.6296,7.814,0.0122
hey_sivia_siv_ee_uh,0.4,0.6458,0.3819,0.6215,7.459,0.0111
hey_sivia_siv_ee_uh,0.45,0.625,0.3611,0.6088,6.926,0.0103
hey_sivia_siv_ee_uh,0.5,0.6181,0.3472,0.603,6.393,0.0096
hey_sivia_siv_ee_uh,0.55,0.6042,0.3333,0.5883,6.216,0.0086
hey_sivia_siv_ee_uh,0.6,0.5972,0.3125,0.5783,5.86,0.0079
hey_sivia_siv_ee_uh,0.65,0.5833,0.3125,0.5687,5.505,0.0073
hey_sivia_siv_ee_uh,0.7,0.5694,0.3056,0.5544,4.972,0.0067
hey_sivia_siv_ee_uh,0.75,0.5694,0.2986,0.5405,4.44,0.006
hey_sivia_siv_ee_uh,0.8,0.5347,0.2986,0.5228,3.729,0.0053
hey_sivia_siv_ee_uh,0.85,0.5208,0.2708,0.5046,2.131,0.0042
hey_sivia_siv_ee_uh,0.9,0.4653,0.2361,0.483,1.776,0.0032
hey_sivia_siv_ee_uh,0.95,0.4167,0.2083,0.4552,1.066,0.0024
hey_sivia_siv_ee_uh,0.97,0.375,0.1944,0.4313,0.888,0.0021
hey_sivia_siv_ee_uh,0.98,0.3542,0.1875,0.414,0.533,0.0017
hey_sivia_siv_ee_uh,0.99,0.3194,0.1528,0.3881,0.0,0.0013
sivia_see_vee_uh,0.2,0.9028,0.6389,0.7971,16.871,0.0581
sivia_see_vee_uh,0.25,0.8819,0.5972,0.7874,14.74,0.0519
sivia_see_vee_uh,0.3,0.8611,0.5764,0.7755,14.029,0.047
sivia_see_vee_uh,0.35,0.8611,0.5764,0.7677,12.609,0.0436
sivia_see_vee_uh,0.4,0.8542,0.5556,0.7558,11.898,0.0401
sivia_see_vee_uh,0.45,0.8542,0.5486,0.7488,11.188,0.0356
sivia_see_vee_uh,0.5,0.8542,0.5347,0.7419,9.412,0.0326
sivia_see_vee_uh,0.55,0.8472,0.5208,0.7292,7.991,0.0296
sivia_see_vee_uh,0.6,0.8472,0.4931,0.7215,7.636,0.0269
sivia_see_vee_uh,0.65,0.8333,0.4722,0.7103,7.281,0.0253
sivia_see_vee_uh,0.7,0.8333,0.4653,0.7052,6.571,0.0225
sivia_see_vee_uh,0.75,0.8333,0.4375,0.6925,6.393,0.02
sivia_see_vee_uh,0.8,0.8194,0.4236,0.6786,5.505,0.017
sivia_see_vee_uh,0.85,0.7986,0.4028,0.6659,4.617,0.015
sivia_see_vee_uh,0.9,0.7917,0.3819,0.6505,4.262,0.0119
sivia_see_vee_uh,0.95,0.7639,0.3542,0.6204,3.374,0.0087
sivia_see_vee_uh,0.97,0.75,0.3333,0.5995,3.197,0.0068
sivia_see_vee_uh,0.98,0.7361,0.3056,0.5849,2.309,0.0058
sivia_see_vee_uh,0.99,0.6875,0.2708,0.5648,1.953,0.0045
hey_sivia_see_vee_uh,0.2,0.8403,0.5972,0.7492,7.636,0.024
hey_sivia_see_vee_uh,0.25,0.8264,0.5972,0.7404,6.748,0.0216
hey_sivia_see_vee_uh,0.3,0.8056,0.5764,0.7288,6.393,0.0197
hey_sivia_see_vee_uh,0.35,0.7778,0.5625,0.7168,5.505,0.0178
hey_sivia_see_vee_uh,0.4,0.7778,0.5417,0.7079,4.617,0.0164
hey_sivia_see_vee_uh,0.45,0.7569,0.5347,0.6987,4.085,0.0152
hey_sivia_see_vee_uh,0.5,0.7569,0.5208,0.691,4.085,0.0144
hey_sivia_see_vee_uh,0.55,0.75,0.5,0.6821,4.085,0.013
hey_sivia_see_vee_uh,0.6,0.7361,0.4792,0.6682,3.019,0.0122
hey_sivia_see_vee_uh,0.65,0.7292,0.4792,0.6617,2.664,0.011
hey_sivia_see_vee_uh,0.7,0.7153,0.4514,0.6501,2.486,0.0102
hey_sivia_see_vee_uh,0.75,0.7083,0.4028,0.6362,2.486,0.0097
hey_sivia_see_vee_uh,0.8,0.6806,0.4028,0.62,1.953,0.0088
hey_sivia_see_vee_uh,0.85,0.6806,0.3542,0.6015,1.598,0.0077
hey_sivia_see_vee_uh,0.9,0.6319,0.2986,0.5802,1.243,0.0059
hey_sivia_see_vee_uh,0.95,0.6111,0.25,0.5459,0.888,0.0045
hey_sivia_see_vee_uh,0.97,0.5694,0.2292,0.5212,0.888,0.0039
hey_sivia_see_vee_uh,0.98,0.5278,0.1806,0.5004,0.888,0.0033
hey_sivia_see_vee_uh,0.99,0.5069,0.1528,0.4707,0.533,0.0026
