id,slug,group,kind,launcher,base,matched_cutoff,arena_bytes,detection_latency_ms_median,fixed_accept_air_ee_uh__area_like,fixed_ambient_false_per_hour,fixed_confusion_false_activation_rate,fixed_confusion_rate_incl_extra,fixed_extra_confusion_false_activation_rate,fixed_false_per_hour_background,fixed_false_per_hour_hvac,fixed_false_per_hour_music,fixed_false_per_hour_silence,fixed_false_per_hour_tv_dialogue,fixed_missed_wake_rate_all_conditions,fixed_sentence_false_activation_rate,fixed_tpr_bed_facing_away,fixed_tpr_clean_near,fixed_tpr_dentures_sim,fixed_tpr_distance_1m,fixed_tpr_distance_4m,fixed_tpr_form_careful,fixed_tpr_form_casual,fixed_tpr_form_intended,fixed_tpr_hvac_music_noise,fixed_tpr_low_volume,fixed_tpr_older_sim,fixed_tpr_other_talker,fixed_tpr_quiet_room_2m,fixed_tpr_raspy_sim,fixed_tpr_run_together,fixed_tpr_short_final,fixed_tpr_tv_on,fixed_tpr_weak_onset,fixed_true_positive_rate_all_conditions,host_inference_ms_per_step,matched_accept_air_ee_uh__area_like,matched_ambient_false_per_hour,matched_confusion_false_activation_rate,matched_confusion_rate_incl_extra,matched_extra_confusion_false_activation_rate,matched_false_per_hour_background,matched_false_per_hour_hvac,matched_false_per_hour_music,matched_false_per_hour_silence,matched_false_per_hour_tv_dialogue,matched_missed_wake_rate_all_conditions,matched_sentence_false_activation_rate,matched_tpr_bed_facing_away,matched_tpr_clean_near,matched_tpr_dentures_sim,matched_tpr_distance_1m,matched_tpr_distance_4m,matched_tpr_form_careful,matched_tpr_form_casual,matched_tpr_form_intended,matched_tpr_hvac_music_noise,matched_tpr_low_volume,matched_tpr_older_sim,matched_tpr_other_talker,matched_tpr_quiet_room_2m,matched_tpr_raspy_sim,matched_tpr_run_together,matched_tpr_short_final,matched_tpr_tv_on,matched_tpr_weak_onset,matched_true_positive_rate_all_conditions,tflite_bytes,tflite_sha256
aria,aria,original 15,aria,,,0.6,25584,155.9,0.0729,0.0,0.009,0.009,0.0096,0.0,0.0,0.0,0.0,0.0,0.8079,0.0096,0.2361,0.3403,0.2847,0.1389,0.2361,0.2708,0.3125,0.4375,0.0301,0.3264,0.0556,0.0139,0.1806,0.2986,0.2014,0.2847,0.0139,0.4306,0.1921,0.10561999999999999,0.1146,0.355,0.0198,0.0197,0.0186,0.0,0.0,1.0,0.0,0.357,0.7133,0.0171,0.3958,0.4375,0.4236,0.2569,0.3681,0.375,0.4375,0.5,0.0625,0.4479,0.1111,0.0208,0.2708,0.4167,0.3611,0.3958,0.0556,0.5625,0.2867,62304,0aabf423f60ab42a1612042685a6d073f1d956b6720c27b3b17b23641fff05a2
hey aria,hey_aria,original 15,aria,,,0.9,25584,141.4,0.2292,0.355,0.0158,0.0163,0.0224,0.0,0.0,0.0,0.0,0.715,0.5552,0.0083,0.4514,0.5903,0.6111,0.5139,0.4931,0.5208,0.625,0.625,0.419,0.5729,0.0694,0.1319,0.4792,0.5417,0.4236,0.5556,0.1389,0.6042,0.4448,0.10056,0.2292,0.355,0.0158,0.0163,0.0224,0.0,0.0,0.0,0.0,0.715,0.5552,0.0083,0.4514,0.5903,0.6111,0.5139,0.4931,0.5208,0.625,0.625,0.419,0.5729,0.0694,0.1319,0.4792,0.5417,0.4236,0.5556,0.1389,0.6042,0.4448,62304,981d660be48098280756f9b21d6f5830842a31cbd904b62194ac8c1a61a8c4fe
zaria,zaria,original 15,aria,,,0.55,25584,142.15,0.3021,0.178,0.0044,0.0052,0.016,0.0,0.0,1.0,0.0,0.0,0.7627,0.0017,0.0069,0.3889,0.3958,0.1944,0.2639,0.2708,0.4375,0.4583,0.1713,0.4201,0.0347,0.0347,0.2431,0.3472,0.2153,0.3194,0.0556,0.4167,0.2373,0.10042,0.4792,0.355,0.0084,0.0095,0.0237,0.0,0.0,1.0,0.0,0.357,0.6836,0.0037,0.0278,0.4375,0.4514,0.3472,0.3542,0.3333,0.5208,0.4583,0.2477,0.5243,0.1181,0.0486,0.2986,0.4236,0.3611,0.4236,0.0903,0.5208,0.3164,62304,68ab83cb24093db505ba2744ba392016d0d061c7729aba9e42ed70585dd66a98
okay aria,okay_aria,original 15,aria,,,0.9,25584,105.85,0.3958,0.355,0.0059,0.0058,0.0038,0.0,0.0,0.0,0.0,0.715,0.5938,0.0046,0.3611,0.6111,0.6111,0.4097,0.3472,0.5833,0.6875,0.5625,0.3241,0.6042,0.0556,0.0694,0.4167,0.5417,0.2917,0.5903,0.2014,0.625,0.4062,0.10126,0.3958,0.355,0.0059,0.0058,0.0038,0.0,0.0,0.0,0.0,0.715,0.5938,0.0046,0.3611,0.6111,0.6111,0.4097,0.3472,0.5833,0.6875,0.5625,0.3241,0.6042,0.0556,0.0694,0.4167,0.5417,0.2917,0.5903,0.2014,0.625,0.4062,62304,f5ebae75793473a69fa7e163f6db633f6e2eb17a4069093e5189aab95d47d682
kolabamo,kolabamo,original 15,invented,,,0.99,25584,84.6,,2.131,0.0063,0.0067,0.0115,0.0,0.0,1.0,0.0,3.931,0.4537,0.0029,0.6667,0.7639,0.7917,0.6806,0.6528,0.7083,0.7708,0.8125,0.3681,0.7812,0.1597,0.0764,0.5833,0.7153,0.3889,0.7569,0.1458,0.7847,0.5463,0.10016,,1.243,0.0024,0.0025,0.0045,0.0,0.0,0.0,0.0,2.502,0.5644,0.0004,0.5278,0.6528,0.6528,0.4861,0.4861,0.5833,0.6667,0.7083,0.2569,0.6736,0.125,0.0556,0.4583,0.6319,0.2222,0.6458,0.0903,0.6875,0.4356,62304,fb869f96327e4e09b74607b334a248987e33e2ca7e14417712edfd6ccec64dae
hey kolabamo,hey_kolabamo,original 15,launcher,hey,kolabamo,0.99,25584,-31.1,,0.888,0.0032,0.0032,0.0032,0.0,0.0,0.0,0.0,1.787,0.2488,0.0017,0.8333,0.8611,0.8472,0.8611,0.875,0.875,0.875,0.8333,0.7755,0.8472,0.3403,0.2431,0.8819,0.7986,0.7639,0.8542,0.5069,0.8333,0.7512,0.10200000000000001,,0.533,0.0017,0.0018,0.0026,0.0,0.0,0.0,0.0,1.072,0.2897,0.0004,0.8125,0.8403,0.8472,0.8125,0.8333,0.8542,0.875,0.7917,0.7199,0.8264,0.2361,0.2083,0.8403,0.7639,0.6736,0.8403,0.4583,0.8056,0.7103,62304,aed682b754eca829b2f542d552f6fe7b3a7ec80cd733ab31c39410c2440b1817
kotrubo,kotrubo,original 15,invented,,,0.99,25584,118.9,,4.44,0.0024,0.0023,0.0013,3.003,0.0,0.0,0.0,8.578,0.4668,0.0046,0.125,0.7917,0.7847,0.6319,0.5278,0.7917,0.75,0.8333,0.4444,0.8056,0.3403,0.0556,0.5833,0.5903,0.4375,0.7431,0.2361,0.8056,0.5332,0.09917999999999999,,1.953,0.0009,0.0008,0.0,0.0,0.0,0.0,0.0,3.931,0.5509,0.0029,0.0903,0.7361,0.7361,0.4931,0.4236,0.7292,0.6667,0.8125,0.3194,0.7326,0.2431,0.0278,0.4792,0.5139,0.4028,0.6319,0.1458,0.7361,0.4491,62304,e4f04a71320bf412d09232b267fdffd66cc08082ef20c8a16abd0146bd83a893
hello kotrubo,hello_kotrubo,original 15,launcher,hello,kotrubo,0.99,25584,41.75,,3.197,0.005,0.0047,0.0006,3.003,0.0,5.0,0.0,4.289,0.201,0.0083,0.8611,0.9583,0.9583,0.8819,0.8819,0.9583,0.9375,0.9792,0.8032,0.9201,0.2639,0.2708,0.8889,0.9514,0.7986,0.9167,0.5208,0.9792,0.799,0.10106,,1.066,0.0019,0.0018,0.0,0.0,0.0,1.0,0.0,1.787,0.2894,0.0042,0.7361,0.9028,0.9028,0.8333,0.8125,0.8958,0.875,0.9375,0.6736,0.8507,0.1806,0.1875,0.7847,0.8819,0.7292,0.8194,0.3542,0.9444,0.7106,62304,d44bd346e02f5c7140bba9a05ddc4786429fadcb620e0cf97fd33c6c135d9715
kookaburra,kookaburra,original 15,word,,,0.97,25584,144.8,,0.71,0.0025,0.0027,0.0045,0.0,0.0,0.0,0.0,1.43,0.5957,0.0017,0.3125,0.6111,0.5764,0.4375,0.4375,0.5208,0.7083,0.6042,0.3264,0.5868,0.1111,0.0903,0.4792,0.4097,0.3056,0.5486,0.1597,0.6458,0.4043,0.1022,,0.355,0.0016,0.0018,0.0032,0.0,0.0,0.0,0.0,0.715,0.6628,0.0004,0.2639,0.4931,0.5,0.3611,0.3681,0.3958,0.5833,0.5,0.2616,0.5035,0.0972,0.0764,0.4236,0.3194,0.2431,0.4375,0.1389,0.5556,0.3372,62304,fb94a20ef7b1affd17fc3802f9ed061933f9ce7244556fca6121cb64419ffbd2
hey kookaburra,hey_kookaburra,original 15,phrase,,,0.99,25584,22.45,,1.243,0.0044,0.0041,0.0006,0.0,0.0,0.0,0.0,2.502,0.206,0.0063,0.8681,0.9167,0.9167,0.9167,0.8542,0.8958,0.9167,0.9375,0.8102,0.9132,0.4931,0.3264,0.9028,0.8194,0.5903,0.9097,0.6111,0.9097,0.794,0.10184,,0.355,0.0016,0.0016,0.0006,0.0,0.0,0.0,0.0,0.715,0.2496,0.0013,0.8264,0.9167,0.9097,0.875,0.7847,0.8958,0.9167,0.9375,0.7407,0.9062,0.4306,0.2292,0.875,0.7569,0.5556,0.8958,0.5069,0.9097,0.7504,62304,45ff33d376add79a1ec960b270fe611591afaf72e1ed59ec7fe77f6c2eb8a21c
okay velora (veh-LOR-uh),okay_velora_veh_lor_uh,original 15,launcher,okay,velora (veh-LOR-uh),0.9,25584,84.8,,0.355,0.0049,0.0049,0.0051,0.0,0.0,0.0,0.0,0.715,0.4525,0.0021,0.5278,0.7361,0.7431,0.6667,0.5417,0.6458,0.7708,0.7917,0.4213,0.7049,0.2292,0.1528,0.6181,0.7153,0.6389,0.6597,0.2639,0.6875,0.5475,0.1007,,0.355,0.0049,0.0049,0.0051,0.0,0.0,0.0,0.0,0.715,0.4525,0.0021,0.5278,0.7361,0.7431,0.6667,0.5417,0.6458,0.7708,0.7917,0.4213,0.7049,0.2292,0.1528,0.6181,0.7153,0.6389,0.6597,0.2639,0.6875,0.5475,62304,357898aa54e3d623e5e65f4264f50414e199fbfa3869f53b696582ccec78842c
velora (veh-LOR-uh),velora_veh_lor_uh,original 15,nominated,,,0.99,25584,106.55000000000001,,2.309,0.0239,0.0237,0.0212,0.0,0.0,5.0,0.0,2.859,0.5799,0.0108,0.5139,0.5556,0.5625,0.4722,0.4722,0.4375,0.6042,0.625,0.2523,0.5833,0.3403,0.1181,0.3889,0.3889,0.5972,0.4931,0.1528,0.5833,0.4201,0.10248,,1.243,0.0121,0.012,0.0103,0.0,0.0,2.0,0.0,1.787,0.6813,0.005,0.4097,0.4306,0.4444,0.3681,0.3611,0.2917,0.4583,0.5417,0.1574,0.4688,0.2292,0.0625,0.2986,0.3125,0.4514,0.3958,0.0833,0.4792,0.3187,62304,2b2dd1164c6c9e344edc90876b4fcb34914cf5c4f65887385ae075b9f5184485
hello pomona,hello_pomona,original 15,launcher,hello,pomona,0.5,25584,154.2,,0.178,0.0011,0.0012,0.0026,0.0,0.0,1.0,0.0,0.0,0.8461,0.0,0.1806,0.2292,0.2292,0.1528,0.0972,0.1458,0.2708,0.2708,0.0787,0.3194,0.0347,0.0139,0.1458,0.1042,0.2431,0.1667,0.0139,0.2847,0.1539,0.10252,,0.355,0.0033,0.0034,0.0038,0.0,0.0,1.0,0.0,0.357,0.7527,0.0013,0.2639,0.3542,0.3681,0.2292,0.2153,0.2083,0.4375,0.4167,0.1574,0.4514,0.0972,0.0278,0.2778,0.1528,0.3264,0.3056,0.0417,0.4167,0.2473,62304,400b19fd905e62409dfc64172a35d16f3c591fe49d99672a3b9486c4637c1d54
pomona,pomona,original 15,name,,,0.99,25584,152.3,,2.309,0.0094,0.009,0.0038,3.003,0.0,1.0,0.0,3.931,0.5814,0.0075,0.3056,0.6458,0.6597,0.375,0.3056,0.6667,0.5625,0.7083,0.25,0.6181,0.1875,0.1458,0.3472,0.5625,0.5556,0.6736,0.1458,0.6389,0.4186,0.10138,,1.243,0.0032,0.003,0.0,3.003,0.0,1.0,0.0,1.787,0.7299,0.0008,0.1528,0.4861,0.4792,0.2014,0.1528,0.5,0.3958,0.5625,0.1204,0.4722,0.1042,0.0833,0.1736,0.3958,0.3472,0.4792,0.0556,0.4444,0.2701,62304,d36dfcc994c9f171c56dd0492bf5353e318027675ed06a0aaceffcb09eb6cfcb
okay lumaro,okay_lumaro,original 15,phrase,,,0.99,25584,69.4,,2.664,0.0072,0.0069,0.0026,0.0,0.0,1.0,0.0,5.004,0.4259,0.0075,0.6806,0.7431,0.7431,0.6111,0.6319,0.7292,0.6875,0.8125,0.4699,0.7465,0.2361,0.1597,0.5764,0.7083,0.5278,0.7014,0.3333,0.7778,0.5741,0.10276,,1.243,0.003,0.0029,0.0013,0.0,0.0,0.0,0.0,2.502,0.5,0.0033,0.5625,0.6944,0.7153,0.5,0.5556,0.625,0.6667,0.7917,0.3727,0.6771,0.1944,0.1042,0.4931,0.6528,0.4097,0.6806,0.2778,0.6875,0.5,62304,dcbfaf280474b6f504b71303ab3e2a9af49da9e99ab3c047668a73e03d0285d1
callista (kuh-LISS-tuh),callista_kuh_liss_tuh,supplemental (mandatory),nominated,,,0.99,25584,131.1,,4.795,0.0051,0.005,0.0032,0.0,0.0,0.0,0.0,9.65,0.8171,0.0071,0.0,0.2292,0.2431,0.1458,0.1319,0.1667,0.2292,0.2917,0.1343,0.25,0.0625,0.0417,0.1389,0.2222,0.4097,0.375,0.0833,0.3056,0.1829,0.10198,,1.421,0.0025,0.0023,0.0,0.0,0.0,0.0,0.0,2.859,0.89,0.0008,0.0,0.1667,0.1528,0.0833,0.0764,0.1458,0.125,0.2292,0.0509,0.1667,0.0208,0.0139,0.0486,0.1389,0.2847,0.25,0.0417,0.2153,0.11,62304,23caea2898ca35395b53eff612071a57e07f87482d0177886d464857e9786cea
callista (CALL-iss-tuh),callista_call_iss_tuh,supplemental (mandatory),nominated,,,0.99,25584,151.8,,1.598,0.0011,0.001,0.0,3.003,0.0,0.0,0.0,2.859,0.836,0.0025,0.0,0.2014,0.2014,0.1667,0.1736,0.0625,0.25,0.2917,0.1782,0.2326,0.0417,0.0347,0.1389,0.2431,0.3264,0.1528,0.0486,0.2222,0.164,0.10046,,0.888,0.0003,0.0003,0.0,0.0,0.0,0.0,0.0,1.787,0.8974,0.0,0.0,0.1389,0.1319,0.0972,0.0972,0.0208,0.2083,0.1875,0.1065,0.184,0.0069,0.0139,0.1042,0.1528,0.1736,0.0972,0.0208,0.125,0.1026,62304,f671b6e7972e04064a7c06037516ecb23372ee1f2a3b2394cdba3bdc27c80225
hey callista (kuh-LISS-tuh),hey_callista_kuh_liss_tuh,supplemental (mandatory),launcher,hey,callista (kuh-LISS-tuh),0.98,25584,130.55,,1.776,0.0047,0.0046,0.0032,0.0,0.0,1.0,0.0,3.217,0.3519,0.0108,0.1181,0.8056,0.7986,0.7778,0.7361,0.7708,0.8542,0.7917,0.7153,0.7326,0.2847,0.2361,0.7708,0.7639,0.6528,0.7778,0.5208,0.8125,0.6481,0.10136,,0.355,0.0023,0.0022,0.0013,0.0,0.0,0.0,0.0,0.715,0.4198,0.0063,0.0833,0.7708,0.7361,0.7083,0.7153,0.7083,0.8125,0.7917,0.6366,0.684,0.2083,0.1736,0.6806,0.625,0.5625,0.7361,0.4236,0.7431,0.5802,62304,f1ff21a0d35d32bb1644f536d24b9885bb7ad7b56e30669363f5e11b856f0ef9
kestra (KESS-truh),kestra_kess_truh,supplemental (mandatory),nominated,,,0.99,25584,162.6,,1.421,0.002,0.0019,0.0006,0.0,0.0,0.0,0.0,2.859,0.6227,0.0013,0.125,0.6181,0.6111,0.3333,0.3472,0.4583,0.7083,0.6875,0.3009,0.5903,0.1111,0.0903,0.2847,0.4861,0.2153,0.6458,0.1667,0.6736,0.3773,0.10106,,1.066,0.0013,0.0012,0.0,0.0,0.0,0.0,0.0,2.144,0.7245,0.0008,0.0486,0.4792,0.4653,0.2222,0.1875,0.375,0.5833,0.4792,0.213,0.4514,0.0625,0.0278,0.2083,0.3819,0.125,0.5625,0.1042,0.5417,0.2755,62304,962d406e188657a60dd0d52c5cf951d2507248c2351695d16fbf7d360bf7d539
hey kestra (KESS-truh),hey_kestra_kess_truh,supplemental (mandatory),launcher,hey,kestra (KESS-truh),0.99,25584,143.8,,3.729,0.0012,0.0012,0.0006,0.0,0.0,0.0,0.0,7.505,0.4614,0.0046,0.0625,0.7708,0.7569,0.6319,0.5694,0.75,0.8125,0.75,0.4745,0.7396,0.1389,0.1667,0.5833,0.6736,0.6389,0.7778,0.25,0.7708,0.5386,0.10192,,1.776,0.0005,0.0004,0.0,0.0,0.0,0.0,0.0,3.574,0.5598,0.0017,0.0347,0.6597,0.6736,0.4861,0.4444,0.5833,0.7083,0.6875,0.3588,0.6215,0.0694,0.1319,0.4722,0.5278,0.5208,0.7014,0.1806,0.7014,0.4402,62304,b2bdf2ed8b12cf8c8c20dd912ad22eb6d52aa690311a3a3e2e6609eb80ca7b04
krysta (KRISS-tuh),krysta_kriss_tuh,supplemental (mandatory),nominated,,,0.99,25584,142.1,,3.197,0.0093,0.0088,0.0026,0.0,0.0,0.0,0.0,6.433,0.6663,0.0125,0.0069,0.3125,0.3403,0.3542,0.3403,0.2083,0.3542,0.375,0.4282,0.4132,0.1111,0.1181,0.3542,0.3264,0.4097,0.4236,0.2153,0.5833,0.3337,0.10144,,1.421,0.0041,0.0038,0.0,0.0,0.0,0.0,0.0,2.859,0.7917,0.0046,0.0,0.2292,0.2431,0.2014,0.1875,0.1042,0.2708,0.3125,0.2685,0.2743,0.0139,0.0486,0.1944,0.2222,0.25,0.3056,0.1181,0.3819,0.2083,62304,4e6a1d951238b982a2157de89482b52747f240db6b0b64fe48b3de3fd946f0cd
hey krysta (KRISS-tuh),hey_krysta_kriss_tuh,supplemental (mandatory),launcher,hey,krysta (KRISS-tuh),0.99,25584,106.6,,2.664,0.0029,0.0028,0.0006,0.0,0.0,0.0,0.0,5.361,0.2805,0.0204,0.4375,0.8819,0.8819,0.8056,0.7986,0.9167,0.8958,0.8333,0.7454,0.8403,0.2917,0.2917,0.8472,0.7986,0.7222,0.8403,0.5417,0.8958,0.7195,0.10268,,0.888,0.0019,0.0018,0.0006,0.0,0.0,0.0,0.0,1.787,0.365,0.015,0.25,0.8194,0.8194,0.7222,0.75,0.8542,0.7917,0.8125,0.6412,0.7951,0.2292,0.2153,0.7639,0.7361,0.6181,0.7708,0.3819,0.8403,0.635,62304,ae2a0cf15277144667f00981070c6f4f24a036d22e752f052996d9550cdd359c
sivia (SIV-ee-uh),sivia_siv_ee_uh,supplemental (mandatory),nominated,,,0.97,25584,126.95,,0.533,0.0009,0.0045,0.0487,0.0,0.0,0.0,0.0,1.072,0.7616,0.0008,0.0,0.4167,0.4028,0.2083,0.125,0.4375,0.4583,0.3542,0.1944,0.441,0.0764,0.0486,0.1806,0.3125,0.2639,0.2986,0.0764,0.4167,0.2384,0.10124,,0.355,0.0007,0.0034,0.0372,0.0,0.0,0.0,0.0,0.715,0.8079,0.0008,0.0,0.3681,0.3403,0.1667,0.0833,0.375,0.4167,0.3125,0.1412,0.375,0.0486,0.0347,0.125,0.2569,0.2222,0.25,0.0486,0.3403,0.1921,62304,fe8f94ae02499c54f2c591f0ae3f502c43fd2251fc9bc8cbb2d5eaddc83728b2
hey sivia (SIV-ee-uh),hey_sivia_siv_ee_uh,supplemental (mandatory),launcher,hey,sivia (SIV-ee-uh),0.99,25584,138.2,,1.776,0.0032,0.0039,0.0122,0.0,0.0,0.0,0.0,3.574,0.517,0.0058,0.0,0.6944,0.6944,0.5,0.3542,0.75,0.6875,0.6458,0.5185,0.6979,0.0972,0.1389,0.4653,0.7083,0.5139,0.5972,0.2361,0.7431,0.483,0.1,,0.0,0.0013,0.0018,0.0071,0.0,0.0,0.0,0.0,0.0,0.6119,0.0013,0.0,0.6458,0.625,0.3611,0.2083,0.6875,0.625,0.625,0.3611,0.6215,0.0486,0.0833,0.3194,0.6458,0.375,0.5278,0.1528,0.6667,0.3881,62304,896c4e2bc6f5bcbd31858828dfb6eee4a7bbec078a74ca4254d79a31c43e8af7
sivia (SEE-vee-uh),sivia_see_vee_uh,supplemental (mandatory),nominated,,,0.99,25584,46.7,,4.262,0.0119,0.0299,0.2538,3.003,0.0,1.0,0.0,7.863,0.3495,0.0021,0.0417,0.8125,0.7847,0.7778,0.6806,0.875,0.7917,0.7708,0.713,0.7882,0.5,0.2569,0.7917,0.8125,0.6806,0.6389,0.3819,0.8333,0.6505,0.1013,,1.953,0.0045,0.017,0.1724,0.0,0.0,0.0,0.0,3.931,0.4352,0.0004,0.0278,0.7431,0.7361,0.6806,0.5833,0.8542,0.6667,0.7083,0.6204,0.7153,0.3681,0.1597,0.6875,0.7292,0.6111,0.5278,0.2708,0.75,0.5648,62304,ad140b1f3457bcb2ca9aaaeea84488d15c9e4073450f74271949d4c2d76aba8a
hey sivia (SEE-vee-uh),hey_sivia_see_vee_uh,supplemental (mandatory),launcher,hey,sivia (SEE-vee-uh),0.99,25584,86.3,,1.243,0.0059,0.0067,0.016,0.0,0.0,0.0,0.0,2.502,0.4198,0.0117,0.0,0.8264,0.8264,0.6458,0.5625,0.7708,0.8333,0.875,0.5949,0.7639,0.2917,0.1458,0.6319,0.7083,0.5903,0.7778,0.2986,0.8264,0.5802,0.09902,,0.533,0.0026,0.003,0.0071,0.0,0.0,0.0,0.0,1.072,0.5293,0.005,0.0,0.75,0.7361,0.4653,0.4097,0.6875,0.7708,0.7917,0.419,0.6806,0.1875,0.0833,0.5069,0.625,0.4583,0.6875,0.1528,0.7917,0.4707,62304,bf7b037a4d8e82e43c90a7d4e55ed6acdea5c8b7451fb01c5a575c42a1376235
